/Jdh+xKqF6kE	rPeHLeuBY6vXt60eeYzUYG2rOfJGeqW3
/Jdh+xKqF6kP	rPeHLeuBY6vXt60eeYzUYG2rOfJGeqW3
/Jdh+xKqN6c+	rPeHLeuBY6vXt60eeYzUYG2rOfJGeqW3
/Jdh+xKqN6c+	rPeHLeuBY6vXt60eeYzUYG3LelDY6gFhq9e3kebIG+mV3gI=
/Jdh+xKqN6c+	rPeHLeuBY6vXt60eeYzUYG3LrAdpq9e3rR5JIzWYtnpQ2OoBYavXt5HmyBvpld4C
/Jdh+xKqN6cS	rPeHLeuBY6vXt60eeYzUYG2rOfJGeqW3
/Jdh+xKqN6cS	rPeHLeuBY6vXt60eeYzUYG3LelDY6gFhq9e3kebIG+mV3gI=
/Jdh+xKqN6cS	rPeHLeuBY6vXt60eeYzUYG3LrAdpq9e3rR5JIzWYtnpQ2OoBYavXt5HmyBvpld4C
/Jdh+xKql6c+	rPeHLeuBY6vXt60eeYzUYG2rOfJGeqW3
/Jdh+xKql6cS	rPeHLeuBY6vXt60eeYzUYG2rOfJGeqW3
/Jdh+xLC5akE	rPeHLeuBY6vXt60eeYzUYG2rOfJGeqW3
/Jdh+xLC5akP	rPeHLeuBY6vXt60eeYzUYG2rOfJGeqW3
/Jdh+xLCRSoB	rPeHLeuBY6vXt60eeYzUYG2rOfJGeqW3
/Jdh+xLCReoD	rPeHLeuBY6vXt60eeYzUYG2rOfJGeqW3
/Jdh+xLCzakE	rPeHLeuBY6vXt60eeYzUYG2rOfJGeqW3
/Jdh+xLCzakE	rPeHLeuBY6vXt60eeYzUYG3LelDY6gFhq9e3kebIG+mV3gI=
/Jdh+xLCzakE	rPeHLeuBY6vXt60eeYzUYG3LrAdpq9e3rR5JIzWYtnpQ2OoBYavXt5HmyBvpld4C
/Jdh+xLCzakP	rPeHLeuBY6vXt60eeYzUYG2rOfJGeqW3
/Jdh+xLCzakP	rPeHLeuBY6vXt60eeYzUYG3LelDY6gFhq9e3kebIG+mV3gI=
/Jdh+xLCzakP	rPeHLeuBY6vXt60eeYzUYG3LrAdpq9e3rR5JIzWYtnpQ2OoBYavXt5HmyBvpld4C
/Jdh+z5UL08l	rPeHLeuBY6vXt60eeYzUYG2rOfJGeqW3
/Jdh+z5UL099	rPeHLeuBY6vXt60eeYzUYG2rOfJGeqW3
/Jdh+z5UL1IJ	rPeHLeuBY6vXt60eeYzUYG2rOfJGeqW3
/Jdh+z5UL1If	rPeHLeuBY6vXt60eeYzUYG2rOfJGeqW3
/Jdh+z5Ub04l	rPeHLeuBY6vXt60eeYzUYG2rOfJGeqW3
/Jdh+z5Ub04l	rPeHLeuBY6vXt60eeYzUYG3LelDY6gFhq9e3kebIG+mV3gI=
/Jdh+z5Ub04l	rPeHLeuBY6vXt60eeYzUYG3LrAdpq9e3rR5JIzWYtnpQ2OoBYavXt5HmyBvpld4C
/Jdh+z5Ub059	rPeHLeuBY6vXt60eeYzUYG2rOfJGeqW3
/Jdh+z5Ub059	rPeHLeuBY6vXt60eeYzUYG3LelDY6gFhq9e3kebIG+mV3gI=
/Jdh+z5Ub059	rPeHLeuBY6vXt60eeYzUYG3LrAdpq9e3rR5JIzWYtnpQ2OoBYavXt5HmyBvpld4C
/Jdh+z6Ei1QC	rPeHLeuBY6vXt60eeYzUYG2rOfJGeqW3
/Jdh+z6Ei9QH	rPeHLeuBY6vXt60eeYzUYG2rOfJGeqW3
/Jdh+z6Em1MJ	rPeHLeuBY6vXt60eeYzUYG2rOfJGeqW3
/Jdh+z6Em1MJ	rPeHLeuBY6vXt60eeYzUYG3LelDY6gFhq9e3kebIG+mV3gI=
/Jdh+z6Em1MJ	rPeHLeuBY6vXt60eeYzUYG3LrAdpq9e3rR5JIzWYtnpQ2OoBYavXt5HmyBvpld4C
/Jdh+z6Em1Mf	rPeHLeuBY6vXt60eeYzUYG2rOfJGeqW3
/Jdh+z6Em1Mf	rPeHLeuBY6vXt60eeYzUYG3LelDY6gFhq9e3kebIG+mV3gI=
/Jdh+z6Em1Mf	rPeHLeuBY6vXt60eeYzUYG3LrAdpq9e3rR5JIzWYtnpQ2OoBYavXt5HmyBvpld4C
/Jdh+z6Ey1MJ	rPeHLeuBY6vXt60eeYzUYG2rOfJGeqW3
/Jdh+z6Ey1Mf	rPeHLeuBY6vXt60eeYzUYG2rOfJGeqW3
/Jdh9xKqF6kE	rPeHLeuBY6vXt60eeYzUYG2rOfJGeqW3
/Jdh9xKqF6kP	rPeHLeuBY6vXt60eeYzUYG2rOfJGeqW3
/Jdh9xKqN6c+	rPeHLeuBY6vXt60eeYzUYG2rOfJGeqW3
/Jdh9xKqN6c+	rPeHLeuBY6vXt60eeYzUYG3LelDY6gFhq9e3kebIG+mV3gI=
/Jdh9xKqN6c+	rPeHLeuBY6vXt60eeYzUYG3LrAdpq9e3rR5JIzWYtnpQ2OoBYavXt5HmyBvpld4C
/Jdh9xKqN6cS	rPeHLeuBY6vXt60eeYzUYG2rOfJGeqW3
/Jdh9xKqN6cS	rPeHLeuBY6vXt60eeYzUYG3LelDY6gFhq9e3kebIG+mV3gI=
/Jdh9xKqN6cS	rPeHLeuBY6vXt60eeYzUYG3LrAdpq9e3rR5JIzWYtnpQ2OoBYavXt5HmyBvpld4C
/Jdh9xKql6c+	rPeHLeuBY6vXt60eeYzUYG2rOfJGeqW3
/Jdh9xKql6cS	rPeHLeuBY6vXt60eeYzUYG2rOfJGeqW3
/Jdh9xLC5akE	rPeHLeuBY6vXt60eeYzUYG2rOfJGeqW3
/Jdh9xLC5akP	rPeHLeuBY6vXt60eeYzUYG2rOfJGeqW3
/Jdh9xLCRSoB	rPeHLeuBY6vXt60eeYzUYG2rOfJGeqW3
/Jdh9xLCReoD	rPeHLeuBY6vXt60eeYzUYG2rOfJGeqW3
/Jdh9xLCzakE	rPeHLeuBY6vXt60eeYzUYG2rOfJGeqW3
/Jdh9xLCzakE	rPeHLeuBY6vXt60eeYzUYG3LelDY6gFhq9e3kebIG+mV3gI=
/Jdh9xLCzakE	rPeHLeuBY6vXt60eeYzUYG3LrAdpq9e3rR5JIzWYtnpQ2OoBYavXt5HmyBvpld4C
/Jdh9xLCzakP	rPeHLeuBY6vXt60eeYzUYG2rOfJGeqW3
/Jdh9xLCzakP	rPeHLeuBY6vXt60eeYzUYG3LelDY6gFhq9e3kebIG+mV3gI=
/Jdh9xLCzakP	rPeHLeuBY6vXt60eeYzUYG3LrAdpq9e3rR5JIzWYtnpQ2OoBYavXt5HmyBvpld4C
/Jdh9z5UL08l	rPeHLeuBY6vXt60eeYzUYG2rOfJGeqW3
/Jdh9z5UL099	rPeHLeuBY6vXt60eeYzUYG2rOfJGeqW3
/Jdh9z5UL1IJ	rPeHLeuBY6vXt60eeYzUYG2rOfJGeqW3
/Jdh9z5UL1If	rPeHLeuBY6vXt60eeYzUYG2rOfJGeqW3
/Jdh9z5Ub04l	rPeHLeuBY6vXt60eeYzUYG2rOfJGeqW3
/Jdh9z5Ub04l	rPeHLeuBY6vXt60eeYzUYG3LelDY6gFhq9e3kebIG+mV3gI=
/Jdh9z5Ub04l	rPeHLeuBY6vXt60eeYzUYG3LrAdpq9e3rR5JIzWYtnpQ2OoBYavXt5HmyBvpld4C
/Jdh9z5Ub059	rPeHLeuBY6vXt60eeYzUYG2rOfJGeqW3
/Jdh9z5Ub059	rPeHLeuBY6vXt60eeYzUYG3LelDY6gFhq9e3kebIG+mV3gI=
/Jdh9z5Ub059	rPeHLeuBY6vXt60eeYzUYG3LrAdpq9e3rR5JIzWYtnpQ2OoBYavXt5HmyBvpld4C
/Jdh9z6Ei1QC	rPeHLeuBY6vXt60eeYzUYG2rOfJGeqW3
/Jdh9z6Ei9QH	rPeHLeuBY6vXt60eeYzUYG2rOfJGeqW3
/Jdh9z6Em1MJ	rPeHLeuBY6vXt60eeYzUYG2rOfJGeqW3
/Jdh9z6Em1MJ	rPeHLeuBY6vXt60eeYzUYG3LelDY6gFhq9e3kebIG+mV3gI=
/Jdh9z6Em1MJ	rPeHLeuBY6vXt60eeYzUYG3LrAdpq9e3rR5JIzWYtnpQ2OoBYavXt5HmyBvpld4C
/Jdh9z6Em1Mf	rPeHLeuBY6vXt60eeYzUYG2rOfJGeqW3
/Jdh9z6Em1Mf	rPeHLeuBY6vXt60eeYzUYG3LelDY6gFhq9e3kebIG+mV3gI=
/Jdh9z6Em1Mf	rPeHLeuBY6vXt60eeYzUYG3LrAdpq9e3rR5JIzWYtnpQ2OoBYavXt5HmyBvpld4C
/Jdh9z6Ey1MJ	rPeHLeuBY6vXt60eeYzUYG2rOfJGeqW3
/Jdh9z6Ey1Mf	rPeHLeuBY6vXt60eeYzUYG2rOfJGeqW3
/Jed3UsIF6kE	rPeHLeuBY6vXt60eeYzUYG2rOfJGeqW3
/Jed3UsIF6kP	rPeHLeuBY6vXt60eeYzUYG2rOfJGeqW3
/Jed3UsIN6c+	rPeHLeuBY6vXt60eeYzUYG2rOfJGeqW3
/Jed3UsIN6c+	rPeHLeuBY6vXt60eeYzUYG3LelDY6gFhq9e3kebIG+mV3gI=
/Jed3UsIN6c+	rPeHLeuBY6vXt60eeYzUYG3LrAdpq9e3rR5JIzWYtnpQ2OoBYavXt5HmyBvpld4C
/Jed3UsIN6cS	rPeHLeuBY6vXt60eeYzUYG2rOfJGeqW3
/Jed3UsIN6cS	rPeHLeuBY6vXt60eeYzUYG3LelDY6gFhq9e3kebIG+mV3gI=
/Jed3UsIN6cS	rPeHLeuBY6vXt60eeYzUYG3LrAdpq9e3rR5JIzWYtnpQ2OoBYavXt5HmyBvpld4C
/Jed3UsIl6c+	rPeHLeuBY6vXt60eeYzUYG2rOfJGeqW3
/Jed3UsIl6cS	rPeHLeuBY6vXt60eeYzUYG2rOfJGeqW3
/Jed3Uuo3pxK	rPeHLeuBY6vXt60eeYzUYG2rOfJGeqW3
/Jed3Uuo3pxK	rPeHLeuBY6vXt60eeYzUYG3LelDY6gFhq9e3kebIG+mV3gI=
/Jed3Uuo3pxK	rPeHLeuBY6vXt60eeYzUYG3LrAdpq9e3rR5JIzWYtnpQ2OoBYavXt5HmyBvpld4C
/Jed3Uuo3pz6	rPeHLeuBY6vXt60eeYzUYG2rOfJGeqW3
/Jed3Uuo3pz6	rPeHLeuBY6vXt60eeYzUYG3LelDY6gFhq9e3kebIG+mV3gI=
/Jed3Uuo3pz6	rPeHLeuBY6vXt60eeYzUYG3LrAdpq9e3rR5JIzWYtnpQ2OoBYavXt5HmyBvpld4C
/Jed3UuoXp5K	rPeHLeuBY6vXt60eeYzUYG2rOfJGeqW3
/Jed3UuoXp76	rPeHLeuBY6vXt60eeYzUYG2rOfJGeqW3
/Jed3UuoXqQ+	rPeHLeuBY6vXt60eeYzUYG2rOfJGeqW3
/Jed3UuoXqQS	rPeHLeuBY6vXt60eeYzUYG2rOfJGeqW3
/Jed3fsQLk8l	rPeHLeuBY6vXt60eeYzUYG2rOfJGeqW3
/Jed3fsQLk99	rPeHLeuBY6vXt60eeYzUYG2rOfJGeqW3
/Jed3fsQLlIJ	rPeHLeuBY6vXt60eeYzUYG2rOfJGeqW3
/Jed3fsQLlIf	rPeHLeuBY6vXt60eeYzUYG2rOfJGeqW3
/Jed3fsQbk4l	rPeHLeuBY6vXt60eeYzUYG2rOfJGeqW3
/Jed3fsQbk4l	rPeHLeuBY6vXt60eeYzUYG3LelDY6gFhq9e3kebIG+mV3gI=
/Jed3fsQbk4l	rPeHLeuBY6vXt60eeYzUYG3LrAdpq9e3rR5JIzWYtnpQ2OoBYavXt5HmyBvpld4C
/Jed3fsQbk59	rPeHLeuBY6vXt60eeYzUYG2rOfJGeqW3
/Jed3fsQbk59	rPeHLeuBY6vXt60eeYzUYG3LelDY6gFhq9e3kebIG+mV3gI=
/Jed3fsQbk59	rPeHLeuBY6vXt60eeYzUYG3LrAdpq9e3rR5JIzWYtnpQ2OoBYavXt5HmyBvpld4C
/Jed3ftQvTmV	rPeHLeuBY6vXt60eeYzUYG2rOfJGeqW3
/Jed3ftQvTmV	rPeHLeuBY6vXt60eeYzUYG3LelDY6gFhq9e3kebIG+mV3gI=
/Jed3ftQvTmV	rPeHLeuBY6vXt60eeYzUYG3LrAdpq9e3rR5JIzWYtnpQ2OoBYavXt5HmyBvpld4C
/Jed3ftQvTn1AQ==	rPeHLeuBY6vXt60eeYzUYG2rOfJGeqW3
/Jed3ftQvTn1AQ==	rPeHLeuBY6vXt60eeYzUYG3LelDY6gFhq9e3kebIG+mV3gI=
/Jed3ftQvTn1AQ==	rPeHLeuBY6vXt60eeYzUYG3LrAdpq9e3rR5JIzWYtnpQ2OoBYavXt5HmyBvpld4C
/Jed3ftQvTyV	rPeHLeuBY6vXt60eeYzUYG2rOfJGeqW3
/Jed3ftQvTz1AQ==	rPeHLeuBY6vXt60eeYzUYG2rOfJGeqW3
/Jed3ftQvUgl	rPeHLeuBY6vXt60eeYzUYG2rOfJGeqW3
/Jed3ftQvUh9	rPeHLeuBY6vXt60eeYzUYG2rOfJGeqW3
/Jed7UsIF6kE	rPeHLeuBY6vXt60eeYzUYG2rOfJGeqW3
/Jed7UsIF6kP	rPeHLeuBY6vXt60eeYzUYG2rOfJGeqW3
/Jed7UsIN6c+	rPeHLeuBY6vXt60eeYzUYG2rOfJGeqW3
/Jed7UsIN6c+	rPeHLeuBY6vXt60eeYzUYG3LelDY6gFhq9e3kebIG+mV3gI=
/Jed7UsIN6c+	rPeHLeuBY6vXt60eeYzUYG3LrAdpq9e3rR5JIzWYtnpQ2OoBYavXt5HmyBvpld4C
/Jed7UsIN6cS	rPeHLeuBY6vXt60eeYzUYG2rOfJGeqW3
/Jed7UsIN6cS	rPeHLeuBY6vXt60eeYzUYG3LelDY6gFhq9e3kebIG+mV3gI=
/Jed7UsIN6cS	rPeHLeuBY6vXt60eeYzUYG3LrAdpq9e3rR5JIzWYtnpQ2OoBYavXt5HmyBvpld4C
/Jed7UsIl6c+	rPeHLeuBY6vXt60eeYzUYG2rOfJGeqW3
/Jed7UsIl6cS	rPeHLeuBY6vXt60eeYzUYG2rOfJGeqW3
/Jed7Uuo3pxK	rPeHLeuBY6vXt60eeYzUYG2rOfJGeqW3
/Jed7Uuo3pxK	rPeHLeuBY6vXt60eeYzUYG3LelDY6gFhq9e3kebIG+mV3gI=
/Jed7Uuo3pxK	rPeHLeuBY6vXt60eeYzUYG3LrAdpq9e3rR5JIzWYtnpQ2OoBYavXt5HmyBvpld4C
/Jed7Uuo3pz6	rPeHLeuBY6vXt60eeYzUYG2rOfJGeqW3
/Jed7Uuo3pz6	rPeHLeuBY6vXt60eeYzUYG3LelDY6gFhq9e3kebIG+mV3gI=
/Jed7Uuo3pz6	rPeHLeuBY6vXt60eeYzUYG3LrAdpq9e3rR5JIzWYtnpQ2OoBYavXt5HmyBvpld4C
/Jed7UuoXp5K	rPeHLeuBY6vXt60eeYzUYG2rOfJGeqW3
/Jed7UuoXp76	rPeHLeuBY6vXt60eeYzUYG2rOfJGeqW3
/Jed7UuoXqQ+	rPeHLeuBY6vXt60eeYzUYG2rOfJGeqW3
/Jed7UuoXqQS	rPeHLeuBY6vXt60eeYzUYG2rOfJGeqW3
/Jed7fsQLk8l	rPeHLeuBY6vXt60eeYzUYG2rOfJGeqW3
/Jed7fsQLk99	rPeHLeuBY6vXt60eeYzUYG2rOfJGeqW3
/Jed7fsQLlIJ	rPeHLeuBY6vXt60eeYzUYG2rOfJGeqW3
/Jed7fsQLlIf	rPeHLeuBY6vXt60eeYzUYG2rOfJGeqW3
/Jed7fsQbk4l	rPeHLeuBY6vXt60eeYzUYG2rOfJGeqW3
/Jed7fsQbk4l	rPeHLeuBY6vXt60eeYzUYG3LelDY6gFhq9e3kebIG+mV3gI=
/Jed7fsQbk4l	rPeHLeuBY6vXt60eeYzUYG3LrAdpq9e3rR5JIzWYtnpQ2OoBYavXt5HmyBvpld4C
/Jed7fsQbk59	rPeHLeuBY6vXt60eeYzUYG2rOfJGeqW3
/Jed7fsQbk59	rPeHLeuBY6vXt60eeYzUYG3LelDY6gFhq9e3kebIG+mV3gI=
/Jed7fsQbk59	rPeHLeuBY6vXt60eeYzUYG3LrAdpq9e3rR5JIzWYtnpQ2OoBYavXt5HmyBvpld4C
/Jed7ftQvTmV	rPeHLeuBY6vXt60eeYzUYG2rOfJGeqW3
/Jed7ftQvTmV	rPeHLeuBY6vXt60eeYzUYG3LelDY6gFhq9e3kebIG+mV3gI=
/Jed7ftQvTmV	rPeHLeuBY6vXt60eeYzUYG3LrAdpq9e3rR5JIzWYtnpQ2OoBYavXt5HmyBvpld4C
/Jed7ftQvTn1AQ==	rPeHLeuBY6vXt60eeYzUYG2rOfJGeqW3
/Jed7ftQvTn1AQ==	rPeHLeuBY6vXt60eeYzUYG3LelDY6gFhq9e3kebIG+mV3gI=
/Jed7ftQvTn1AQ==	rPeHLeuBY6vXt60eeYzUYG3LrAdpq9e3rR5JIzWYtnpQ2OoBYavXt5HmyBvpld4C
/Jed7ftQvTyV	rPeHLeuBY6vXt60eeYzUYG2rOfJGeqW3
/Jed7ftQvTz1AQ==	rPeHLeuBY6vXt60eeYzUYG2rOfJGeqW3
/Jed7ftQvUgl	rPeHLeuBY6vXt60eeYzUYG2rOfJGeqW3
/Jed7ftQvUh9	rPeHLeuBY6vXt60eeYzUYG2rOfJGeqW3
/Jfx/bg44RZl	rPeHLbNepa3ep40Ux7TV+7Qpjmmr92lTHNNID9NW80ojvZIW
/Jfx/bg44RaV	rPeHLbNepa3ep40Ux7TV+7Qpjmmr92lTHNNID9NW80ojvZIW
/Jfx/bg44SZl	rPeHLbNepa3ep40Ux7TV+7Qpjmmr92lTHNNID9NW80ojvZIW
/Jfx/bg44SaV	rPeHLbNepa3ep40Ux7TV+7Qpjmmr92lTHNNID9NW80ojvZIW
/Jfx/bg45RZl	rPeHLbNepa3ep40Ux7TV+7Qpjmmr92lTHNNID9NW80ojvZIW
/Jfx/bg45RaV	rPeHLbNepa3ep40Ux7TV+7Qpjmmr92lTHNNID9NW80ojvZIW
/Jfx/bg45SZl	rPeHLbNepa3ep40Ux7TV+7Qpjmmr92lTHNNID9NW80ojvZIW
/Jfx/bg45SaV	rPeHLbNepa3ep40Ux7TV+7Qpjmmr92lTHNNID9NW80ojvZIW
/Jfx/bk44RZl	rPeHLbNepa3ep40Ux7TV+7Qpjmmr92lTHNNID9NW80ojvZIW
/Jfx/bk44RaV	rPeHLbNepa3ep40Ux7TV+7Qpjmmr92lTHNNID9NW80ojvZIW
/Jfx/bk44SZl	rPeHLbNepa3ep40Ux7TV+7Qpjmmr92lTHNNID9NW80ojvZIW
/Jfx/bk44SaV	rPeHLbNepa3ep40Ux7TV+7Qpjmmr92lTHNNID9NW80ojvZIW
/Jfx/bk45RZl	rPeHLbNepa3ep40Ux7TV+7Qpjmmr92lTHNNID9NW80ojvZIW
/Jfx/bk45RaV	rPeHLbNepa3ep40Ux7TV+7Qpjmmr92lTHNNID9NW80ojvZIW
/Jfx/bk45SZl	rPeHLbNepa3ep40Ux7TV+7Qpjmmr92lTHNNID9NW80ojvZIW
/Jfx/bk45SaV	rPeHLbNepa3ep40Ux7TV+7Qpjmmr92lTHNNID9NW80ojvZIW
/JfxpXFxwi0qAQ==	rPeHLbNepa3ep40Ux7TV+7Qpjmmr92lTHNNID9NW80ojvZIW
/JfxpXFxwi3K	rPeHLbNepa3ep40Ux7TV+7Qpjmmr92lTHNNID9NW80ojvZIW
/JfxpXFxwk0qAQ==	rPeHLbNepa3ep40Ux7TV+7Qpjmmr92lTHNNID9NW80ojvZIW
/JfxpXFxwk3K	rPeHLbNepa3ep40Ux7TV+7Qpjmmr92lTHNNID9NW80ojvZIW
/JfxpXFxyi0qAQ==	rPeHLbNepa3ep40Ux7TV+7Qpjmmr92lTHNNID9NW80ojvZIW
/JfxpXFxyi3K	rPeHLbNepa3ep40Ux7TV+7Qpjmmr92lTHNNID9NW80ojvZIW
/JfxpXFxyk0qAQ==	rPeHLbNepa3ep40Ux7TV+7Qpjmmr92lTHNNID9NW80ojvZIW
/JfxpXFxyk3K	rPeHLbNepa3ep40Ux7TV+7Qpjmmr92lTHNNID9NW80ojvZIW
/JfxpXNxwi0qAQ==	rPeHLbNepa3ep40Ux7TV+7Qpjmmr92lTHNNID9NW80ojvZIW
/JfxpXNxwi3K	rPeHLbNepa3ep40Ux7TV+7Qpjmmr92lTHNNID9NW80ojvZIW
/JfxpXNxwk0qAQ==	rPeHLbNepa3ep40Ux7TV+7Qpjmmr92lTHNNID9NW80ojvZIW
/JfxpXNxwk3K	rPeHLbNepa3ep40Ux7TV+7Qpjmmr92lTHNNID9NW80ojvZIW
/JfxpXNxyi0qAQ==	rPeHLbNepa3ep40Ux7TV+7Qpjmmr92lTHNNID9NW80ojvZIW
/JfxpXNxyi3K	rPeHLbNepa3ep40Ux7TV+7Qpjmmr92lTHNNID9NW80ojvZIW
/JfxpXNxyk0qAQ==	rPeHLbNepa3ep40Ux7TV+7Qpjmmr92lTHNNID9NW80ojvZIW
/JfxpXNxyk3K	rPeHLbNepa3ep40Ux7TV+7Qpjmmr92lTHNNID9NW80ojvZIW
/JfxxRcn3KIM	rPeHLbNepa3ep40Ux7TV+7Qpjmmr92lTHNNID9NW80ojvZIW
/JfxxRcn3KIS	rPeHLbNepa3ep40Ux7TV+7Qpjmmr92lTHNNID9NW80ojvZIW
/JfxxRcn3KQM	rPeHLbNepa3ep40Ux7TV+7Qpjmmr92lTHNNID9NW80ojvZIW
/JfxxRcn3KQS	rPeHLbNepa3ep40Ux7TV+7Qpjmmr92lTHNNID9NW80ojvZIW
/JfxxRen3KIM	rPeHLbNepa3ep40Ux7TV+7Qpjmmr92lTHNNID9NW80ojvZIW
/JfxxRen3KIS	rPeHLbNepa3ep40Ux7TV+7Qpjmmr92lTHNNID9NW80ojvZIW
/JfxxRen3KQM	rPeHLbNepa3ep40Ux7TV+7Qpjmmr92lTHNNID9NW80ojvZIW
/JfxxRen3KQS	rPeHLbNepa3ep40Ux7TV+7Qpjmmr92lTHNNID9NW80ojvZIW
/JfxxZdGwi0qAQ==	rPeHLbNepa3ep40Ux7TV+7Qpjmmr92lTHNNID9NW80ojvZIW
/JfxxZdGwi3K	rPeHLbNepa3ep40Ux7TV+7Qpjmmr92lTHNNID9NW80ojvZIW
/JfxxZdGwk0qAQ==	rPeHLbNepa3ep40Ux7TV+7Qpjmmr92lTHNNID9NW80ojvZIW
/JfxxZdGwk3K	rPeHLbNepa3ep40Ux7TV+7Qpjmmr92lTHNNID9NW80ojvZIW
/JfxxZdGyi0qAQ==	rPeHLbNepa3ep40Ux7TV+7Qpjmmr92lTHNNID9NW80ojvZIW
/JfxxZdGyi3K	rPeHLbNepa3ep40Ux7TV+7Qpjmmr92lTHNNID9NW80ojvZIW
/JfxxZdGyk0qAQ==	rPeHLbNepa3ep40Ux7TV+7Qpjmmr92lTHNNID9NW80ojvZIW
/JfxxZdGyk3K	rPeHLbNepa3ep40Ux7TV+7Qpjmmr92lTHNNID9NW80ojvZIW
/JfxxZdOwi0qAQ==	rPeHLbNepa3ep40Ux7TV+7Qpjmmr92lTHNNID9NW80ojvZIW
/JfxxZdOwi3K	rPeHLbNepa3ep40Ux7TV+7Qpjmmr92lTHNNID9NW80ojvZIW
/JfxxZdOwk0qAQ==	rPeHLbNepa3ep40Ux7TV+7Qpjmmr92lTHNNID9NW80ojvZIW
/JfxxZdOwk3K	rPeHLbNepa3ep40Ux7TV+7Qpjmmr92lTHNNID9NW80ojvZIW
/JfxxZdOyi0qAQ==	rPeHLbNepa3ep40Ux7TV+7Qpjmmr92lTHNNID9NW80ojvZIW
/JfxxZdOyi3K	rPeHLbNepa3ep40Ux7TV+7Qpjmmr92lTHNNID9NW80ojvZIW
/JfxxZdOyk0qAQ==	rPeHLbNepa3ep40Ux7TV+7Qpjmmr92lTHNNID9NW80ojvZIW
/JfxxZdOyk3K	rPeHLbNepa3ep40Ux7TV+7Qpjmmr92lTHNNID9NW80ojvZIW
/Jfxxfcj4RZl	rPeHLbNepa3ep40Ux7TV+7Qpjmmr92lTHNNID9NW80ojvZIW
/Jfxxfcj4RaV	rPeHLbNepa3ep40Ux7TV+7Qpjmmr92lTHNNID9NW80ojvZIW
/Jfxxfcj4SZl	rPeHLbNepa3ep40Ux7TV+7Qpjmmr92lTHNNID9NW80ojvZIW
/Jfxxfcj4SaV	rPeHLbNepa3ep40Ux7TV+7Qpjmmr92lTHNNID9NW80ojvZIW
/Jfxxfcj5RZl	rPeHLbNepa3ep40Ux7TV+7Qpjmmr92lTHNNID9NW80ojvZIW
/Jfxxfcj5RaV	rPeHLbNepa3ep40Ux7TV+7Qpjmmr92lTHNNID9NW80ojvZIW
/Jfxxfcj5SZl	rPeHLbNepa3ep40Ux7TV+7Qpjmmr92lTHNNID9NW80ojvZIW
/Jfxxfcj5SaV	rPeHLbNepa3ep40Ux7TV+7Qpjmmr92lTHNNID9NW80ojvZIW
/Jfxxfcn4RZl	rPeHLbNepa3ep40Ux7TV+7Qpjmmr92lTHNNID9NW80ojvZIW
/Jfxxfcn4RaV	rPeHLbNepa3ep40Ux7TV+7Qpjmmr92lTHNNID9NW80ojvZIW
/Jfxxfcn4SZl	rPeHLbNepa3ep40Ux7TV+7Qpjmmr92lTHNNID9NW80ojvZIW
/Jfxxfcn4SaV	rPeHLbNepa3ep40Ux7TV+7Qpjmmr92lTHNNID9NW80ojvZIW
/Jfxxfcn5RZl	rPeHLbNepa3ep40Ux7TV+7Qpjmmr92lTHNNID9NW80ojvZIW
/Jfxxfcn5RaV	rPeHLbNepa3ep40Ux7TV+7Qpjmmr92lTHNNID9NW80ojvZIW
/Jfxxfcn5SZl	rPeHLbNepa3ep40Ux7TV+7Qpjmmr92lTHNNID9NW80ojvZIW
/Jfxxfcn5SaV	rPeHLbNepa3ep40Ux7TV+7Qpjmmr92lTHNNID9NW80ojvZIW
/NcsF0tsJ55K	rPeHLeuBY6vXt60eeYzUYG3LelDY6gFhq9e3kebIG+mV3gI=
/NcsF0tsJ576	rPeHLeuBY6vXt60eeYzUYG3LelDY6gFhq9e3kebIG+mV3gI=
/NcsF0tsJ6Q+	rPeHLeuBY6vXt60eeYzUYG3LelDY6gFhq9e3kebIG+mV3gI=
/NcsF0tsJ6QS	rPeHLeuBY6vXt60eeYzUYG3LelDY6gFhq9e3kebIG+mV3gI=
/NcsF0vsJp5K	rPeHLeuBY6vXt60eeYzUYG3LelDY6gFhq9e3kebIG+mV3gI=
/NcsF0vsJp76	rPeHLeuBY6vXt60eeYzUYG3LelDY6gFhq9e3kebIG+mV3gI=
/NcsF0vsJqQ+	rPeHLeuBY6vXt60eeYzUYG3LelDY6gFhq9e3kebIG+mV3gI=
/NcsF0vsJqQS	rPeHLeuBY6vXt60eeYzUYG3LelDY6gFhq9e3kebIG+mV3gI=
/NcsFwu7CakE	rPeHLeuBY6vXt60eeYzUYG3LelDY6gFhq9e3kebIG+mV3gI=
/NcsFwu7CakP	rPeHLeuBY6vXt60eeYzUYG3LelDY6gFhq9e3kebIG+mV3gI=
/NcsFwu7iac+	rPeHLeuBY6vXt60eeYzUYG3LelDY6gFhq9e3kebIG+mV3gI=
/NcsFwu7iacS	rPeHLeuBY6vXt60eeYzUYG3LelDY6gFhq9e3kebIG+mV3gI=
/NcsFwvbCakE	rPeHLeuBY6vXt60eeYzUYG3LelDY6gFhq9e3kebIG+mV3gI=
/NcsFwvbCakP	rPeHLeuBY6vXt60eeYzUYG3LelDY6gFhq9e3kebIG+mV3gI=
/NcsFwvbiac+	rPeHLeuBY6vXt60eeYzUYG3LelDY6gFhq9e3kebIG+mV3gI=
/NcsFwvbiacS	rPeHLeuBY6vXt60eeYzUYG3LelDY6gFhq9e3kebIG+mV3gI=
/NcsT30=	rPeHLeuBY6vXt60eeYzUYG2rOfJGeqW3
/NcsTyU=	rPeHLeuBY6vXt60eeYzUYG2rOfJGeqW3
/NcsUgk=	rPeHLeuBY6vXt60eeYzUYG2rOfJGeqW3
/NcsUh8=	rPeHLeuBY6vXt60eeYzUYG2rOfJGeqW3
/Ncsm4UldhNPJQ==	rPeHLeuBY6vXt60eeYzUYG3LrAdpq9e3rR5JIzWYtnpQ2OoBYavXt5HmyBvpld4C
/Ncsm4UldhNPfQ==	rPeHLeuBY6vXt60eeYzUYG3LrAdpq9e3rR5JIzWYtnpQ2OoBYavXt5HmyBvpld4C
/Ncsm4UldhNSCQ==	rPeHLeuBY6vXt60eeYzUYG3LrAdpq9e3rR5JIzWYtnpQ2OoBYavXt5HmyBvpld4C
/Ncsm4UldhNSHw==	rPeHLeuBY6vXt60eeYzUYG3LrAdpq9e3rR5JIzWYtnpQ2OoBYavXt5HmyBvpld4C
/Ncsm4UlthNPJQ==	rPeHLeuBY6vXt60eeYzUYG3LrAdpq9e3rR5JIzWYtnpQ2OoBYavXt5HmyBvpld4C
/Ncsm4UlthNPfQ==	rPeHLeuBY6vXt60eeYzUYG3LrAdpq9e3rR5JIzWYtnpQ2OoBYavXt5HmyBvpld4C
/Ncsm4UlthNSCQ==	rPeHLeuBY6vXt60eeYzUYG3LrAdpq9e3rR5JIzWYtnpQ2OoBYavXt5HmyBvpld4C
/Ncsm4UlthNSHw==	rPeHLeuBY6vXt60eeYzUYG3LrAdpq9e3rR5JIzWYtnpQ2OoBYavXt5HmyBvpld4C
/Ncsm4WF3YRUAg==	rPeHLeuBY6vXt60eeYzUYG3LrAdpq9e3rR5JIzWYtnpQ2OoBYavXt5HmyBvpld4C
/Ncsm4WF3YTUBw==	rPeHLeuBY6vXt60eeYzUYG3LrAdpq9e3rR5JIzWYtnpQ2OoBYavXt5HmyBvpld4C
/Ncsm4WF3cRTCQ==	rPeHLeuBY6vXt60eeYzUYG3LrAdpq9e3rR5JIzWYtnpQ2OoBYavXt5HmyBvpld4C
/Ncsm4WF3cRTHw==	rPeHLeuBY6vXt60eeYzUYG3LrAdpq9e3rR5JIzWYtnpQ2OoBYavXt5HmyBvpld4C
/Ncsm4WF7YRUAg==	rPeHLeuBY6vXt60eeYzUYG3LrAdpq9e3rR5JIzWYtnpQ2OoBYavXt5HmyBvpld4C
/Ncsm4WF7YTUBw==	rPeHLeuBY6vXt60eeYzUYG3LrAdpq9e3rR5JIzWYtnpQ2OoBYavXt5HmyBvpld4C
/Ncsm4WF7cRTCQ==	rPeHLeuBY6vXt60eeYzUYG3LrAdpq9e3rR5JIzWYtnpQ2OoBYavXt5HmyBvpld4C
/Ncsm4WF7cRTHw==	rPeHLeuBY6vXt60eeYzUYG3LrAdpq9e3rR5JIzWYtnpQ2OoBYavXt5HmyBvpld4C
/Ncsmy0WdhNPJQ==	rPeHLeuBY6vXt60eeYzUYG3LrAdpq9e3rR5JIzWYtnpQ2OoBYavXt5HmyBvpld4C
/Ncsmy0WdhNPfQ==	rPeHLeuBY6vXt60eeYzUYG3LrAdpq9e3rR5JIzWYtnpQ2OoBYavXt5HmyBvpld4C
/Ncsmy0WdhNSCQ==	rPeHLeuBY6vXt60eeYzUYG3LrAdpq9e3rR5JIzWYtnpQ2OoBYavXt5HmyBvpld4C
/Ncsmy0WdhNSHw==	rPeHLeuBY6vXt60eeYzUYG3LrAdpq9e3rR5JIzWYtnpQ2OoBYavXt5HmyBvpld4C
/Ncsmy0WthNPJQ==	rPeHLeuBY6vXt60eeYzUYG3LrAdpq9e3rR5JIzWYtnpQ2OoBYavXt5HmyBvpld4C
/Ncsmy0WthNPfQ==	rPeHLeuBY6vXt60eeYzUYG3LrAdpq9e3rR5JIzWYtnpQ2OoBYavXt5HmyBvpld4C
/Ncsmy0WthNSCQ==	rPeHLeuBY6vXt60eeYzUYG3LrAdpq9e3rR5JIzWYtnpQ2OoBYavXt5HmyBvpld4C
/Ncsmy0WthNSHw==	rPeHLeuBY6vXt60eeYzUYG3LrAdpq9e3rR5JIzWYtnpQ2OoBYavXt5HmyBvpld4C
/Ncsmy2W2E089QE=	rPeHLeuBY6vXt60eeYzUYG3LrAdpq9e3rR5JIzWYtnpQ2OoBYavXt5HmyBvpld4C
/Ncsmy2W2E08lQ==	rPeHLeuBY6vXt60eeYzUYG3LrAdpq9e3rR5JIzWYtnpQ2OoBYavXt5HmyBvpld4C
/Ncsmy2W2E1IJQ==	rPeHLeuBY6vXt60eeYzUYG3LrAdpq9e3rR5JIzWYtnpQ2OoBYavXt5HmyBvpld4C
/Ncsmy2W2E1IfQ==	rPeHLeuBY6vXt60eeYzUYG3LrAdpq9e3rR5JIzWYtnpQ2OoBYavXt5HmyBvpld4C
/Ncsmy2W2E489QE=	rPeHLeuBY6vXt60eeYzUYG3LrAdpq9e3rR5JIzWYtnpQ2OoBYavXt5HmyBvpld4C
/Ncsmy2W2E48lQ==	rPeHLeuBY6vXt60eeYzUYG3LrAdpq9e3rR5JIzWYtnpQ2OoBYavXt5HmyBvpld4C
/Ncsmy2W2E5IJQ==	rPeHLeuBY6vXt60eeYzUYG3LrAdpq9e3rR5JIzWYtnpQ2OoBYavXt5HmyBvpld4C
/Ncsmy2W2E5IfQ==	rPeHLeuBY6vXt60eeYzUYG3LrAdpq9e3rR5JIzWYtnpQ2OoBYavXt5HmyBvpld4C
/Ncsw8J24qkE	rPeHLeuBY6vXt60eeYzUYG3LelDY6gFhq9e3kebIG+mV3gI=
/Ncsw8J24qkP	rPeHLeuBY6vXt60eeYzUYG3LelDY6gFhq9e3kebIG+mV3gI=
/Ncsw8J2QioB	rPeHLeuBY6vXt60eeYzUYG3LelDY6gFhq9e3kebIG+mV3gI=
/Ncsw8J2QuoD	rPeHLeuBY6vXt60eeYzUYG3LelDY6gFhq9e3kebIG+mV3gI=
/Ncsw8Ju4qkE	rPeHLeuBY6vXt60eeYzUYG3LelDY6gFhq9e3kebIG+mV3gI=
/Ncsw8Ju4qkP	rPeHLeuBY6vXt60eeYzUYG3LelDY6gFhq9e3kebIG+mV3gI=
/Ncsw8JuQioB	rPeHLeuBY6vXt60eeYzUYG3LelDY6gFhq9e3kebIG+mV3gI=
/Ncsw8JuQuoD	rPeHLeuBY6vXt60eeYzUYG3LelDY6gFhq9e3kebIG+mV3gI=
/NcswxK7CakE	rPeHLeuBY6vXt60eeYzUYG3LelDY6gFhq9e3kebIG+mV3gI=
/NcswxK7CakP	rPeHLeuBY6vXt60eeYzUYG3LelDY6gFhq9e3kebIG+mV3gI=
/NcswxK7iac+	rPeHLeuBY6vXt60eeYzUYG3LelDY6gFhq9e3kebIG+mV3gI=
/NcswxK7iacS	rPeHLeuBY6vXt60eeYzUYG3LelDY6gFhq9e3kebIG+mV3gI=
/NcswxLbCakE	rPeHLeuBY6vXt60eeYzUYG3LelDY6gFhq9e3kebIG+mV3gI=
/NcswxLbCakP	rPeHLeuBY6vXt60eeYzUYG3LelDY6gFhq9e3kebIG+mV3gI=
/NcswxLbiac+	rPeHLeuBY6vXt60eeYzUYG3LelDY6gFhq9e3kebIG+mV3gI=
/NcswxLbiacS	rPeHLeuBY6vXt60eeYzUYG3LelDY6gFhq9e3kebIG+mV3gI=
/NdsTiU=	rPeHLeuBY6vXt60eeYzUYG2rOfJGeqW3
/NdsTiU=	rPeHLeuBY6vXt60eeYzUYG3LelDY6gFhq9e3kebIG+mV3gI=
/NdsTiU=	rPeHLeuBY6vXt60eeYzUYG3LrAdpq9e3rR5JIzWYtnpQ2OoBYavXt5HmyBvpld4C
/NdsTn0=	rPeHLeuBY6vXt60eeYzUYG2rOfJGeqW3
/NdsTn0=	rPeHLeuBY6vXt60eeYzUYG3LelDY6gFhq9e3kebIG+mV3gI=
/NdsTn0=	rPeHLeuBY6vXt60eeYzUYG3LrAdpq9e3rR5JIzWYtnpQ2OoBYavXt5HmyBvpld4C
/Pc2KQM=	rPeHLbNepa3ep40Ux7TV+7Qpjmmr92lTHNNID9NW80ojvZIW
/Pc2qQQ=	rPeHLbNepa3ep40Ux7TV+7Qpjmmr92lTHNNID9NW80ojvZIW
/Pe2KAM=	rPeHLbNepa3ep40Ux7TV+7Qpjmmr92lTHNNID9NW80ojvZIW
/Pe2qAQ=	rPeHLbNepa3ep40Ux7TV+7Qpjmmr92lTHNNID9NW80ojvZIW
7GxfQhg=	rAeOrV7ftnrkMVKDtQU=
7GxfQhg=	rAeOrV7ftnrkMVKDtQU=
7GxfQhg=	rAeOrV7ftnrkMVKDtQU=
7GxfQnU=	rAeOrV7ftnrkMVKDtQU=
7GxfQnU=	rAeOrV7ftnrkMVKDtQU=
7GxfQnU=	rAeOrV7ftnrkMVKDtQU=
7Gzfh+o=	rAeOrV7ftnrkMVKDtQU=
7Gzfh+o=	rAeOrV7ftnrkMVKDtQU=
7Gzfh+o=	rAeOrV7ftnrkMVKDtQU=
7GzfhzA=	rAeOrV7ftnrkMVKDtQU=
7GzfhzA=	rAeOrV7ftnrkMVKDtQU=
7GzfhzA=	rAeOrV7ftnrkMVKDtQU=
7OxeQhg=	rAeOrV7ftnrkMVKDtQU=
7OxeQhg=	rAeOrV7ftnrkMVKDtQU=
7OxeQhg=	rAeOrV7ftnrkMVKDtQU=
7OxeQnU=	rAeOrV7ftnrkMVKDtQU=
7OxeQnU=	rAeOrV7ftnrkMVKDtQU=
7OxeQnU=	rAeOrV7ftnrkMVKDtQU=
7OzehzA=	rAeOrV7ftnrkMVKDtQU=
7OzehzA=	rAeOrV7ftnrkMVKDtQU=
7OzehzA=	rAeOrV7ftnrkMVKDtQU=
DAu7CQM=	rAeFrR4Qtnp9G2mOvAU=
DAu7iQ8=	rAeFrR4Qtnp9G2mOvAU=
DAvbCQM=	rAeFrR4Qtnp9G2mOvAU=
DAvbiQ8=	rAeFrR4Qtnp9G2mOvAU=
DEtsJww=	rAeFrR4Qtnp9G2mOvAU=
DEtsJz4=	rAeFrR4Qtnp9G2mOvAU=
DEvsJgw=	rAeFrR4Qtnp9G2mOvAU=
DEvsJj4=	rAeFrR4Qtnp9G2mOvAU=
DLs3CQM=	rAdpq9e3rR5JIzWYFg==
DLs3KQM=	rAdpq9e3rR5JIzWYFg==
DLuXEAY=	rAdpq9e3rR5JIzWYFg==
DLuXEAY=	rAeOrV7ftnrkMVKDtQU=
DLuXEAY=	rAeOrV7ftnrkMVKDtQU=
DLuXEAY=	rAeOrV7ftnrkMVKDtQU=
DLuXUAY=	rAdpq9e3rR5JIzWYFg==
DLuXUB0=	rAeOrV7ftnrkMVKDtQU=
DLuXUB0=	rAeOrV7ftnrkMVKDtQU=
DLuXUB0=	rAeOrV7ftnrkMVKDtQU=
DLv3IQw=	rAeOrV7ftnrkMVKDtQU=
DLv3IQw=	rAeOrV7ftnrkMVKDtQU=
DLv3IQw=	rAeOrV7ftnrkMVKDtQU=
DLv3oTo=	rAeOrV7ftnrkMVKDtQU=
DLv3oTo=	rAeOrV7ftnrkMVKDtQU=
DLv3oTo=	rAeOrV7ftnrkMVKDtQU=
DNs3CQM=	rAdpq9e3rR5JIzWYFg==
DNs3KQM=	rAdpq9e3rR5JIzWYFg==
DNuXEAY=	rAdpq9e3rR5JIzWYFg==
DNuXEAY=	rAeOrV7ftnrkMVKDtQU=
DNuXEAY=	rAeOrV7ftnrkMVKDtQU=
DNuXEAY=	rAeOrV7ftnrkMVKDtQU=
DNuXUAY=	rAdpq9e3rR5JIzWYFg==
DNuXUB0=	rAeOrV7ftnrkMVKDtQU=
DNuXUB0=	rAeOrV7ftnrkMVKDtQU=
DNuXUB0=	rAeOrV7ftnrkMVKDtQU=
DNv3IQw=	rAeOrV7ftnrkMVKDtQU=
DNv3IQw=	rAeOrV7ftnrkMVKDtQU=
DNv3IQw=	rAeOrV7ftnrkMVKDtQU=
DNv3oTo=	rAeOrV7ftnrkMVKDtQU=
DNv3oTo=	rAeOrV7ftnrkMVKDtQU=
DNv3oTo=	rAeOrV7ftnrkMVKDtQU=
HwM=	ep82xTEt
HwM=	ep82xTEt
NAY=	ep82xTEt
NAY=	ep82xTEt
PJZh+xKqF6kE	rPeHLeuBY6vXt60eeYzUYG2rOfJGeqW3
PJZh+xKqF6kP	rPeHLeuBY6vXt60eeYzUYG2rOfJGeqW3
PJZh+xKqN6c+	rPeHLeuBY6vXt60eeYzUYG2rOfJGeqW3
PJZh+xKqN6c+	rPeHLeuBY6vXt60eeYzUYG3LelDY6gFhq9e3kebIG+mV3gI=
PJZh+xKqN6c+	rPeHLeuBY6vXt60eeYzUYG3LrAdpq9e3rR5JIzWYtnpQ2OoBYavXt5HmyBvpld4C
PJZh+xKqN6cS	rPeHLeuBY6vXt60eeYzUYG2rOfJGeqW3
PJZh+xKqN6cS	rPeHLeuBY6vXt60eeYzUYG3LelDY6gFhq9e3kebIG+mV3gI=
PJZh+xKqN6cS	rPeHLeuBY6vXt60eeYzUYG3LrAdpq9e3rR5JIzWYtnpQ2OoBYavXt5HmyBvpld4C
PJZh+xKql6c+	rPeHLeuBY6vXt60eeYzUYG2rOfJGeqW3
PJZh+xKql6cS	rPeHLeuBY6vXt60eeYzUYG2rOfJGeqW3
PJZh+xLC5akE	rPeHLeuBY6vXt60eeYzUYG2rOfJGeqW3
PJZh+xLC5akP	rPeHLeuBY6vXt60eeYzUYG2rOfJGeqW3
PJZh+xLCRSoB	rPeHLeuBY6vXt60eeYzUYG2rOfJGeqW3
PJZh+xLCReoD	rPeHLeuBY6vXt60eeYzUYG2rOfJGeqW3
PJZh+xLCzakE	rPeHLeuBY6vXt60eeYzUYG2rOfJGeqW3
PJZh+xLCzakE	rPeHLeuBY6vXt60eeYzUYG3LelDY6gFhq9e3kebIG+mV3gI=
PJZh+xLCzakE	rPeHLeuBY6vXt60eeYzUYG3LrAdpq9e3rR5JIzWYtnpQ2OoBYavXt5HmyBvpld4C
PJZh+xLCzakP	rPeHLeuBY6vXt60eeYzUYG2rOfJGeqW3
PJZh+xLCzakP	rPeHLeuBY6vXt60eeYzUYG3LelDY6gFhq9e3kebIG+mV3gI=
PJZh+xLCzakP	rPeHLeuBY6vXt60eeYzUYG3LrAdpq9e3rR5JIzWYtnpQ2OoBYavXt5HmyBvpld4C
PJZh+z5UL08l	rPeHLeuBY6vXt60eeYzUYG2rOfJGeqW3
PJZh+z5UL099	rPeHLeuBY6vXt60eeYzUYG2rOfJGeqW3
PJZh+z5UL1IJ	rPeHLeuBY6vXt60eeYzUYG2rOfJGeqW3
PJZh+z5UL1If	rPeHLeuBY6vXt60eeYzUYG2rOfJGeqW3
PJZh+z5Ub04l	rPeHLeuBY6vXt60eeYzUYG2rOfJGeqW3
PJZh+z5Ub04l	rPeHLeuBY6vXt60eeYzUYG3LelDY6gFhq9e3kebIG+mV3gI=
PJZh+z5Ub04l	rPeHLeuBY6vXt60eeYzUYG3LrAdpq9e3rR5JIzWYtnpQ2OoBYavXt5HmyBvpld4C
PJZh+z5Ub059	rPeHLeuBY6vXt60eeYzUYG2rOfJGeqW3
PJZh+z5Ub059	rPeHLeuBY6vXt60eeYzUYG3LelDY6gFhq9e3kebIG+mV3gI=
PJZh+z5Ub059	rPeHLeuBY6vXt60eeYzUYG3LrAdpq9e3rR5JIzWYtnpQ2OoBYavXt5HmyBvpld4C
PJZh+z6Ei1QC	rPeHLeuBY6vXt60eeYzUYG2rOfJGeqW3
PJZh+z6Ei9QH	rPeHLeuBY6vXt60eeYzUYG2rOfJGeqW3
PJZh+z6Em1MJ	rPeHLeuBY6vXt60eeYzUYG2rOfJGeqW3
PJZh+z6Em1MJ	rPeHLeuBY6vXt60eeYzUYG3LelDY6gFhq9e3kebIG+mV3gI=
PJZh+z6Em1MJ	rPeHLeuBY6vXt60eeYzUYG3LrAdpq9e3rR5JIzWYtnpQ2OoBYavXt5HmyBvpld4C
PJZh+z6Em1Mf	rPeHLeuBY6vXt60eeYzUYG2rOfJGeqW3
PJZh+z6Em1Mf	rPeHLeuBY6vXt60eeYzUYG3LelDY6gFhq9e3kebIG+mV3gI=
PJZh+z6Em1Mf	rPeHLeuBY6vXt60eeYzUYG3LrAdpq9e3rR5JIzWYtnpQ2OoBYavXt5HmyBvpld4C
PJZh+z6Ey1MJ	rPeHLeuBY6vXt60eeYzUYG2rOfJGeqW3
PJZh+z6Ey1Mf	rPeHLeuBY6vXt60eeYzUYG2rOfJGeqW3
PJZh9xKqF6kE	rPeHLeuBY6vXt60eeYzUYG2rOfJGeqW3
PJZh9xKqF6kP	rPeHLeuBY6vXt60eeYzUYG2rOfJGeqW3
PJZh9xKqN6c+	rPeHLeuBY6vXt60eeYzUYG2rOfJGeqW3
PJZh9xKqN6c+	rPeHLeuBY6vXt60eeYzUYG3LelDY6gFhq9e3kebIG+mV3gI=
PJZh9xKqN6c+	rPeHLeuBY6vXt60eeYzUYG3LrAdpq9e3rR5JIzWYtnpQ2OoBYavXt5HmyBvpld4C
PJZh9xKqN6cS	rPeHLeuBY6vXt60eeYzUYG2rOfJGeqW3
PJZh9xKqN6cS	rPeHLeuBY6vXt60eeYzUYG3LelDY6gFhq9e3kebIG+mV3gI=
PJZh9xKqN6cS	rPeHLeuBY6vXt60eeYzUYG3LrAdpq9e3rR5JIzWYtnpQ2OoBYavXt5HmyBvpld4C
PJZh9xKql6c+	rPeHLeuBY6vXt60eeYzUYG2rOfJGeqW3
PJZh9xKql6cS	rPeHLeuBY6vXt60eeYzUYG2rOfJGeqW3
PJZh9xLC5akE	rPeHLeuBY6vXt60eeYzUYG2rOfJGeqW3
PJZh9xLC5akP	rPeHLeuBY6vXt60eeYzUYG2rOfJGeqW3
PJZh9xLCRSoB	rPeHLeuBY6vXt60eeYzUYG2rOfJGeqW3
PJZh9xLCReoD	rPeHLeuBY6vXt60eeYzUYG2rOfJGeqW3
PJZh9xLCzakE	rPeHLeuBY6vXt60eeYzUYG2rOfJGeqW3
PJZh9xLCzakE	rPeHLeuBY6vXt60eeYzUYG3LelDY6gFhq9e3kebIG+mV3gI=
PJZh9xLCzakE	rPeHLeuBY6vXt60eeYzUYG3LrAdpq9e3rR5JIzWYtnpQ2OoBYavXt5HmyBvpld4C
PJZh9xLCzakP	rPeHLeuBY6vXt60eeYzUYG2rOfJGeqW3
PJZh9xLCzakP	rPeHLeuBY6vXt60eeYzUYG3LelDY6gFhq9e3kebIG+mV3gI=
PJZh9xLCzakP	rPeHLeuBY6vXt60eeYzUYG3LrAdpq9e3rR5JIzWYtnpQ2OoBYavXt5HmyBvpld4C
PJZh9z5UL08l	rPeHLeuBY6vXt60eeYzUYG2rOfJGeqW3
PJZh9z5UL099	rPeHLeuBY6vXt60eeYzUYG2rOfJGeqW3
PJZh9z5UL1IJ	rPeHLeuBY6vXt60eeYzUYG2rOfJGeqW3
PJZh9z5UL1If	rPeHLeuBY6vXt60eeYzUYG2rOfJGeqW3
PJZh9z5Ub04l	rPeHLeuBY6vXt60eeYzUYG2rOfJGeqW3
PJZh9z5Ub04l	rPeHLeuBY6vXt60eeYzUYG3LelDY6gFhq9e3kebIG+mV3gI=
PJZh9z5Ub04l	rPeHLeuBY6vXt60eeYzUYG3LrAdpq9e3rR5JIzWYtnpQ2OoBYavXt5HmyBvpld4C
PJZh9z5Ub059	rPeHLeuBY6vXt60eeYzUYG2rOfJGeqW3
PJZh9z5Ub059	rPeHLeuBY6vXt60eeYzUYG3LelDY6gFhq9e3kebIG+mV3gI=
PJZh9z5Ub059	rPeHLeuBY6vXt60eeYzUYG3LrAdpq9e3rR5JIzWYtnpQ2OoBYavXt5HmyBvpld4C
PJZh9z6Ei1QC	rPeHLeuBY6vXt60eeYzUYG2rOfJGeqW3
PJZh9z6Ei9QH	rPeHLeuBY6vXt60eeYzUYG2rOfJGeqW3
PJZh9z6Em1MJ	rPeHLeuBY6vXt60eeYzUYG2rOfJGeqW3
PJZh9z6Em1MJ	rPeHLeuBY6vXt60eeYzUYG3LelDY6gFhq9e3kebIG+mV3gI=
PJZh9z6Em1MJ	rPeHLeuBY6vXt60eeYzUYG3LrAdpq9e3rR5JIzWYtnpQ2OoBYavXt5HmyBvpld4C
PJZh9z6Em1Mf	rPeHLeuBY6vXt60eeYzUYG2rOfJGeqW3
PJZh9z6Em1Mf	rPeHLeuBY6vXt60eeYzUYG3LelDY6gFhq9e3kebIG+mV3gI=
PJZh9z6Em1Mf	rPeHLeuBY6vXt60eeYzUYG3LrAdpq9e3rR5JIzWYtnpQ2OoBYavXt5HmyBvpld4C
PJZh9z6Ey1MJ	rPeHLeuBY6vXt60eeYzUYG2rOfJGeqW3
PJZh9z6Ey1Mf	rPeHLeuBY6vXt60eeYzUYG2rOfJGeqW3
PJad3UsIF6kE	rPeHLeuBY6vXt60eeYzUYG2rOfJGeqW3
PJad3UsIF6kP	rPeHLeuBY6vXt60eeYzUYG2rOfJGeqW3
PJad3UsIN6c+	rPeHLeuBY6vXt60eeYzUYG2rOfJGeqW3
PJad3UsIN6c+	rPeHLeuBY6vXt60eeYzUYG3LelDY6gFhq9e3kebIG+mV3gI=
PJad3UsIN6c+	rPeHLeuBY6vXt60eeYzUYG3LrAdpq9e3rR5JIzWYtnpQ2OoBYavXt5HmyBvpld4C
PJad3UsIN6cS	rPeHLeuBY6vXt60eeYzUYG2rOfJGeqW3
PJad3UsIN6cS	rPeHLeuBY6vXt60eeYzUYG3LelDY6gFhq9e3kebIG+mV3gI=
PJad3UsIN6cS	rPeHLeuBY6vXt60eeYzUYG3LrAdpq9e3rR5JIzWYtnpQ2OoBYavXt5HmyBvpld4C
PJad3UsIl6c+	rPeHLeuBY6vXt60eeYzUYG2rOfJGeqW3
PJad3UsIl6cS	rPeHLeuBY6vXt60eeYzUYG2rOfJGeqW3
PJad3Uuo3pxK	rPeHLeuBY6vXt60eeYzUYG2rOfJGeqW3
PJad3Uuo3pxK	rPeHLeuBY6vXt60eeYzUYG3LelDY6gFhq9e3kebIG+mV3gI=
PJad3Uuo3pxK	rPeHLeuBY6vXt60eeYzUYG3LrAdpq9e3rR5JIzWYtnpQ2OoBYavXt5HmyBvpld4C
PJad3Uuo3pz6	rPeHLeuBY6vXt60eeYzUYG2rOfJGeqW3
PJad3Uuo3pz6	rPeHLeuBY6vXt60eeYzUYG3LelDY6gFhq9e3kebIG+mV3gI=
PJad3Uuo3pz6	rPeHLeuBY6vXt60eeYzUYG3LrAdpq9e3rR5JIzWYtnpQ2OoBYavXt5HmyBvpld4C
PJad3UuoXp5K	rPeHLeuBY6vXt60eeYzUYG2rOfJGeqW3
PJad3UuoXp76	rPeHLeuBY6vXt60eeYzUYG2rOfJGeqW3
PJad3UuoXqQ+	rPeHLeuBY6vXt60eeYzUYG2rOfJGeqW3
PJad3UuoXqQS	rPeHLeuBY6vXt60eeYzUYG2rOfJGeqW3
PJad3fsQLk8l	rPeHLeuBY6vXt60eeYzUYG2rOfJGeqW3
PJad3fsQLk99	rPeHLeuBY6vXt60eeYzUYG2rOfJGeqW3
PJad3fsQLlIJ	rPeHLeuBY6vXt60eeYzUYG2rOfJGeqW3
PJad3fsQLlIf	rPeHLeuBY6vXt60eeYzUYG2rOfJGeqW3
PJad3fsQbk4l	rPeHLeuBY6vXt60eeYzUYG2rOfJGeqW3
PJad3fsQbk4l	rPeHLeuBY6vXt60eeYzUYG3LelDY6gFhq9e3kebIG+mV3gI=
PJad3fsQbk4l	rPeHLeuBY6vXt60eeYzUYG3LrAdpq9e3rR5JIzWYtnpQ2OoBYavXt5HmyBvpld4C
PJad3fsQbk59	rPeHLeuBY6vXt60eeYzUYG2rOfJGeqW3
PJad3fsQbk59	rPeHLeuBY6vXt60eeYzUYG3LelDY6gFhq9e3kebIG+mV3gI=
PJad3fsQbk59	rPeHLeuBY6vXt60eeYzUYG3LrAdpq9e3rR5JIzWYtnpQ2OoBYavXt5HmyBvpld4C
PJad3ftQvTmV	rPeHLeuBY6vXt60eeYzUYG2rOfJGeqW3
PJad3ftQvTmV	rPeHLeuBY6vXt60eeYzUYG3LelDY6gFhq9e3kebIG+mV3gI=
PJad3ftQvTmV	rPeHLeuBY6vXt60eeYzUYG3LrAdpq9e3rR5JIzWYtnpQ2OoBYavXt5HmyBvpld4C
PJad3ftQvTn1AQ==	rPeHLeuBY6vXt60eeYzUYG2rOfJGeqW3
PJad3ftQvTn1AQ==	rPeHLeuBY6vXt60eeYzUYG3LelDY6gFhq9e3kebIG+mV3gI=
PJad3ftQvTn1AQ==	rPeHLeuBY6vXt60eeYzUYG3LrAdpq9e3rR5JIzWYtnpQ2OoBYavXt5HmyBvpld4C
PJad3ftQvTyV	rPeHLeuBY6vXt60eeYzUYG2rOfJGeqW3
PJad3ftQvUgl	rPeHLeuBY6vXt60eeYzUYG2rOfJGeqW3
PJad3ftQvUh9	rPeHLeuBY6vXt60eeYzUYG2rOfJGeqW3
PJad7UsIF6kE	rPeHLeuBY6vXt60eeYzUYG2rOfJGeqW3
PJad7UsIF6kP	rPeHLeuBY6vXt60eeYzUYG2rOfJGeqW3
PJad7UsIN6c+	rPeHLeuBY6vXt60eeYzUYG2rOfJGeqW3
PJad7UsIN6c+	rPeHLeuBY6vXt60eeYzUYG3LelDY6gFhq9e3kebIG+mV3gI=
PJad7UsIN6c+	rPeHLeuBY6vXt60eeYzUYG3LrAdpq9e3rR5JIzWYtnpQ2OoBYavXt5HmyBvpld4C
PJad7UsIN6cS	rPeHLeuBY6vXt60eeYzUYG2rOfJGeqW3
PJad7UsIN6cS	rPeHLeuBY6vXt60eeYzUYG3LelDY6gFhq9e3kebIG+mV3gI=
PJad7UsIN6cS	rPeHLeuBY6vXt60eeYzUYG3LrAdpq9e3rR5JIzWYtnpQ2OoBYavXt5HmyBvpld4C
PJad7UsIl6c+	rPeHLeuBY6vXt60eeYzUYG2rOfJGeqW3
PJad7UsIl6cS	rPeHLeuBY6vXt60eeYzUYG2rOfJGeqW3
PJad7Uuo3pxK	rPeHLeuBY6vXt60eeYzUYG2rOfJGeqW3
PJad7Uuo3pxK	rPeHLeuBY6vXt60eeYzUYG3LelDY6gFhq9e3kebIG+mV3gI=
PJad7Uuo3pxK	rPeHLeuBY6vXt60eeYzUYG3LrAdpq9e3rR5JIzWYtnpQ2OoBYavXt5HmyBvpld4C
PJad7Uuo3pz6	rPeHLeuBY6vXt60eeYzUYG2rOfJGeqW3
PJad7Uuo3pz6	rPeHLeuBY6vXt60eeYzUYG3LelDY6gFhq9e3kebIG+mV3gI=
PJad7Uuo3pz6	rPeHLeuBY6vXt60eeYzUYG3LrAdpq9e3rR5JIzWYtnpQ2OoBYavXt5HmyBvpld4C
PJad7UuoXp5K	rPeHLeuBY6vXt60eeYzUYG2rOfJGeqW3
PJad7UuoXp76	rPeHLeuBY6vXt60eeYzUYG2rOfJGeqW3
PJad7UuoXqQ+	rPeHLeuBY6vXt60eeYzUYG2rOfJGeqW3
PJad7UuoXqQS	rPeHLeuBY6vXt60eeYzUYG2rOfJGeqW3
PJad7fsQLk8l	rPeHLeuBY6vXt60eeYzUYG2rOfJGeqW3
PJad7fsQLk99	rPeHLeuBY6vXt60eeYzUYG2rOfJGeqW3
PJad7fsQLlIJ	rPeHLeuBY6vXt60eeYzUYG2rOfJGeqW3
PJad7fsQLlIf	rPeHLeuBY6vXt60eeYzUYG2rOfJGeqW3
PJad7fsQbk4l	rPeHLeuBY6vXt60eeYzUYG2rOfJGeqW3
PJad7fsQbk4l	rPeHLeuBY6vXt60eeYzUYG3LelDY6gFhq9e3kebIG+mV3gI=
PJad7fsQbk4l	rPeHLeuBY6vXt60eeYzUYG3LrAdpq9e3rR5JIzWYtnpQ2OoBYavXt5HmyBvpld4C
PJad7fsQbk59	rPeHLeuBY6vXt60eeYzUYG2rOfJGeqW3
PJad7fsQbk59	rPeHLeuBY6vXt60eeYzUYG3LelDY6gFhq9e3kebIG+mV3gI=
PJad7fsQbk59	rPeHLeuBY6vXt60eeYzUYG3LrAdpq9e3rR5JIzWYtnpQ2OoBYavXt5HmyBvpld4C
PJad7ftQvTmV	rPeHLeuBY6vXt60eeYzUYG2rOfJGeqW3
PJad7ftQvTmV	rPeHLeuBY6vXt60eeYzUYG3LelDY6gFhq9e3kebIG+mV3gI=
PJad7ftQvTmV	rPeHLeuBY6vXt60eeYzUYG3LrAdpq9e3rR5JIzWYtnpQ2OoBYavXt5HmyBvpld4C
PJad7ftQvTn1AQ==	rPeHLeuBY6vXt60eeYzUYG2rOfJGeqW3
PJad7ftQvTn1AQ==	rPeHLeuBY6vXt60eeYzUYG3LelDY6gFhq9e3kebIG+mV3gI=
PJad7ftQvTn1AQ==	rPeHLeuBY6vXt60eeYzUYG3LrAdpq9e3rR5JIzWYtnpQ2OoBYavXt5HmyBvpld4C
PJad7ftQvTyV	rPeHLeuBY6vXt60eeYzUYG2rOfJGeqW3
PJad7ftQvTz1AQ==	rPeHLeuBY6vXt60eeYzUYG2rOfJGeqW3
PJad7ftQvUgl	rPeHLeuBY6vXt60eeYzUYG2rOfJGeqW3
PJad7ftQvUh9	rPeHLeuBY6vXt60eeYzUYG2rOfJGeqW3
PJbx/bg44RZl	rPeHLbNepa3ep40Ux7TV+7Qpjmmr92lTHNNID9NW80ojvZIW
PJbx/bg44RaV	rPeHLbNepa3ep40Ux7TV+7Qpjmmr92lTHNNID9NW80ojvZIW
PJbx/bg44SZl	rPeHLbNepa3ep40Ux7TV+7Qpjmmr92lTHNNID9NW80ojvZIW
PJbx/bg44SaV	rPeHLbNepa3ep40Ux7TV+7Qpjmmr92lTHNNID9NW80ojvZIW
PJbx/bg45RZl	rPeHLbNepa3ep40Ux7TV+7Qpjmmr92lTHNNID9NW80ojvZIW
PJbx/bg45RaV	rPeHLbNepa3ep40Ux7TV+7Qpjmmr92lTHNNID9NW80ojvZIW
PJbx/bg45SZl	rPeHLbNepa3ep40Ux7TV+7Qpjmmr92lTHNNID9NW80ojvZIW
PJbx/bg45SaV	rPeHLbNepa3ep40Ux7TV+7Qpjmmr92lTHNNID9NW80ojvZIW
PJbx/bk44RZl	rPeHLbNepa3ep40Ux7TV+7Qpjmmr92lTHNNID9NW80ojvZIW
PJbx/bk44RaV	rPeHLbNepa3ep40Ux7TV+7Qpjmmr92lTHNNID9NW80ojvZIW
PJbx/bk44SZl	rPeHLbNepa3ep40Ux7TV+7Qpjmmr92lTHNNID9NW80ojvZIW
PJbx/bk44SaV	rPeHLbNepa3ep40Ux7TV+7Qpjmmr92lTHNNID9NW80ojvZIW
PJbx/bk45RZl	rPeHLbNepa3ep40Ux7TV+7Qpjmmr92lTHNNID9NW80ojvZIW
PJbx/bk45RaV	rPeHLbNepa3ep40Ux7TV+7Qpjmmr92lTHNNID9NW80ojvZIW
PJbx/bk45SZl	rPeHLbNepa3ep40Ux7TV+7Qpjmmr92lTHNNID9NW80ojvZIW
PJbx/bk45SaV	rPeHLbNepa3ep40Ux7TV+7Qpjmmr92lTHNNID9NW80ojvZIW
PJbxpXFxwi0qAQ==	rPeHLbNepa3ep40Ux7TV+7Qpjmmr92lTHNNID9NW80ojvZIW
PJbxpXFxwi3K	rPeHLbNepa3ep40Ux7TV+7Qpjmmr92lTHNNID9NW80ojvZIW
PJbxpXFxwk0qAQ==	rPeHLbNepa3ep40Ux7TV+7Qpjmmr92lTHNNID9NW80ojvZIW
PJbxpXFxwk3K	rPeHLbNepa3ep40Ux7TV+7Qpjmmr92lTHNNID9NW80ojvZIW
PJbxpXFxyi0qAQ==	rPeHLbNepa3ep40Ux7TV+7Qpjmmr92lTHNNID9NW80ojvZIW
PJbxpXFxyi3K	rPeHLbNepa3ep40Ux7TV+7Qpjmmr92lTHNNID9NW80ojvZIW
PJbxpXFxyk0qAQ==	rPeHLbNepa3ep40Ux7TV+7Qpjmmr92lTHNNID9NW80ojvZIW
PJbxpXFxyk3K	rPeHLbNepa3ep40Ux7TV+7Qpjmmr92lTHNNID9NW80ojvZIW
PJbxpXNxwi0qAQ==	rPeHLbNepa3ep40Ux7TV+7Qpjmmr92lTHNNID9NW80ojvZIW
PJbxpXNxwi3K	rPeHLbNepa3ep40Ux7TV+7Qpjmmr92lTHNNID9NW80ojvZIW
PJbxpXNxwk0qAQ==	rPeHLbNepa3ep40Ux7TV+7Qpjmmr92lTHNNID9NW80ojvZIW
PJbxpXNxwk3K	rPeHLbNepa3ep40Ux7TV+7Qpjmmr92lTHNNID9NW80ojvZIW
PJbxpXNxyi0qAQ==	rPeHLbNepa3ep40Ux7TV+7Qpjmmr92lTHNNID9NW80ojvZIW
PJbxpXNxyi3K	rPeHLbNepa3ep40Ux7TV+7Qpjmmr92lTHNNID9NW80ojvZIW
PJbxpXNxyk0qAQ==	rPeHLbNepa3ep40Ux7TV+7Qpjmmr92lTHNNID9NW80ojvZIW
PJbxpXNxyk3K	rPeHLbNepa3ep40Ux7TV+7Qpjmmr92lTHNNID9NW80ojvZIW
PJbxxRcn3KIM	rPeHLbNepa3ep40Ux7TV+7Qpjmmr92lTHNNID9NW80ojvZIW
PJbxxRcn3KIS	rPeHLbNepa3ep40Ux7TV+7Qpjmmr92lTHNNID9NW80ojvZIW
PJbxxRcn3KQM	rPeHLbNepa3ep40Ux7TV+7Qpjmmr92lTHNNID9NW80ojvZIW
PJbxxRcn3KQS	rPeHLbNepa3ep40Ux7TV+7Qpjmmr92lTHNNID9NW80ojvZIW
PJbxxRen3KIM	rPeHLbNepa3ep40Ux7TV+7Qpjmmr92lTHNNID9NW80ojvZIW
PJbxxRen3KIS	rPeHLbNepa3ep40Ux7TV+7Qpjmmr92lTHNNID9NW80ojvZIW
PJbxxRen3KQM	rPeHLbNepa3ep40Ux7TV+7Qpjmmr92lTHNNID9NW80ojvZIW
PJbxxRen3KQS	rPeHLbNepa3ep40Ux7TV+7Qpjmmr92lTHNNID9NW80ojvZIW
PJbxxZdGwi0qAQ==	rPeHLbNepa3ep40Ux7TV+7Qpjmmr92lTHNNID9NW80ojvZIW
PJbxxZdGwi3K	rPeHLbNepa3ep40Ux7TV+7Qpjmmr92lTHNNID9NW80ojvZIW
PJbxxZdGwk0qAQ==	rPeHLbNepa3ep40Ux7TV+7Qpjmmr92lTHNNID9NW80ojvZIW
PJbxxZdGwk3K	rPeHLbNepa3ep40Ux7TV+7Qpjmmr92lTHNNID9NW80ojvZIW
PJbxxZdGyi0qAQ==	rPeHLbNepa3ep40Ux7TV+7Qpjmmr92lTHNNID9NW80ojvZIW
PJbxxZdGyi3K	rPeHLbNepa3ep40Ux7TV+7Qpjmmr92lTHNNID9NW80ojvZIW
PJbxxZdGyk0qAQ==	rPeHLbNepa3ep40Ux7TV+7Qpjmmr92lTHNNID9NW80ojvZIW
PJbxxZdGyk3K	rPeHLbNepa3ep40Ux7TV+7Qpjmmr92lTHNNID9NW80ojvZIW
PJbxxZdOwi0qAQ==	rPeHLbNepa3ep40Ux7TV+7Qpjmmr92lTHNNID9NW80ojvZIW
PJbxxZdOwi3K	rPeHLbNepa3ep40Ux7TV+7Qpjmmr92lTHNNID9NW80ojvZIW
PJbxxZdOwk0qAQ==	rPeHLbNepa3ep40Ux7TV+7Qpjmmr92lTHNNID9NW80ojvZIW
PJbxxZdOwk3K	rPeHLbNepa3ep40Ux7TV+7Qpjmmr92lTHNNID9NW80ojvZIW
PJbxxZdOyi0qAQ==	rPeHLbNepa3ep40Ux7TV+7Qpjmmr92lTHNNID9NW80ojvZIW
PJbxxZdOyi3K	rPeHLbNepa3ep40Ux7TV+7Qpjmmr92lTHNNID9NW80ojvZIW
PJbxxZdOyk0qAQ==	rPeHLbNepa3ep40Ux7TV+7Qpjmmr92lTHNNID9NW80ojvZIW
PJbxxZdOyk3K	rPeHLbNepa3ep40Ux7TV+7Qpjmmr92lTHNNID9NW80ojvZIW
PJbxxfcj4RZl	rPeHLbNepa3ep40Ux7TV+7Qpjmmr92lTHNNID9NW80ojvZIW
PJbxxfcj4RaV	rPeHLbNepa3ep40Ux7TV+7Qpjmmr92lTHNNID9NW80ojvZIW
PJbxxfcj4SZl	rPeHLbNepa3ep40Ux7TV+7Qpjmmr92lTHNNID9NW80ojvZIW
PJbxxfcj4SaV	rPeHLbNepa3ep40Ux7TV+7Qpjmmr92lTHNNID9NW80ojvZIW
PJbxxfcj5RZl	rPeHLbNepa3ep40Ux7TV+7Qpjmmr92lTHNNID9NW80ojvZIW
PJbxxfcj5RaV	rPeHLbNepa3ep40Ux7TV+7Qpjmmr92lTHNNID9NW80ojvZIW
PJbxxfcj5SZl	rPeHLbNepa3ep40Ux7TV+7Qpjmmr92lTHNNID9NW80ojvZIW
PJbxxfcj5SaV	rPeHLbNepa3ep40Ux7TV+7Qpjmmr92lTHNNID9NW80ojvZIW
PJbxxfcn4RZl	rPeHLbNepa3ep40Ux7TV+7Qpjmmr92lTHNNID9NW80ojvZIW
PJbxxfcn4RaV	rPeHLbNepa3ep40Ux7TV+7Qpjmmr92lTHNNID9NW80ojvZIW
PJbxxfcn4SZl	rPeHLbNepa3ep40Ux7TV+7Qpjmmr92lTHNNID9NW80ojvZIW
PJbxxfcn4SaV	rPeHLbNepa3ep40Ux7TV+7Qpjmmr92lTHNNID9NW80ojvZIW
PJbxxfcn5RZl	rPeHLbNepa3ep40Ux7TV+7Qpjmmr92lTHNNID9NW80ojvZIW
PJbxxfcn5RaV	rPeHLbNepa3ep40Ux7TV+7Qpjmmr92lTHNNID9NW80ojvZIW
PJbxxfcn5SZl	rPeHLbNepa3ep40Ux7TV+7Qpjmmr92lTHNNID9NW80ojvZIW
PJbxxfcn5SaV	rPeHLbNepa3ep40Ux7TV+7Qpjmmr92lTHNNID9NW80ojvZIW
PNYsF0tsJ55K	rPeHLeuBY6vXt60eeYzUYG3LelDY6gFhq9e3kebIG+mV3gI=
PNYsF0tsJ576	rPeHLeuBY6vXt60eeYzUYG3LelDY6gFhq9e3kebIG+mV3gI=
PNYsF0tsJ6Q+	rPeHLeuBY6vXt60eeYzUYG3LelDY6gFhq9e3kebIG+mV3gI=
PNYsF0tsJ6QS	rPeHLeuBY6vXt60eeYzUYG3LelDY6gFhq9e3kebIG+mV3gI=
PNYsF0vsJp5K	rPeHLeuBY6vXt60eeYzUYG3LelDY6gFhq9e3kebIG+mV3gI=
PNYsF0vsJp76	rPeHLeuBY6vXt60eeYzUYG3LelDY6gFhq9e3kebIG+mV3gI=
PNYsF0vsJqQ+	rPeHLeuBY6vXt60eeYzUYG3LelDY6gFhq9e3kebIG+mV3gI=
PNYsF0vsJqQS	rPeHLeuBY6vXt60eeYzUYG3LelDY6gFhq9e3kebIG+mV3gI=
PNYsFwu7CakE	rPeHLeuBY6vXt60eeYzUYG3LelDY6gFhq9e3kebIG+mV3gI=
PNYsFwu7CakP	rPeHLeuBY6vXt60eeYzUYG3LelDY6gFhq9e3kebIG+mV3gI=
PNYsFwu7iac+	rPeHLeuBY6vXt60eeYzUYG3LelDY6gFhq9e3kebIG+mV3gI=
PNYsFwu7iacS	rPeHLeuBY6vXt60eeYzUYG3LelDY6gFhq9e3kebIG+mV3gI=
PNYsFwvbCakE	rPeHLeuBY6vXt60eeYzUYG3LelDY6gFhq9e3kebIG+mV3gI=
PNYsFwvbCakP	rPeHLeuBY6vXt60eeYzUYG3LelDY6gFhq9e3kebIG+mV3gI=
PNYsFwvbiac+	rPeHLeuBY6vXt60eeYzUYG3LelDY6gFhq9e3kebIG+mV3gI=
PNYsFwvbiacS	rPeHLeuBY6vXt60eeYzUYG3LelDY6gFhq9e3kebIG+mV3gI=
PNYsT30=	rPeHLeuBY6vXt60eeYzUYG2rOfJGeqW3
PNYsTyU=	rPeHLeuBY6vXt60eeYzUYG2rOfJGeqW3
PNYsUgk=	rPeHLeuBY6vXt60eeYzUYG2rOfJGeqW3
PNYsUh8=	rPeHLeuBY6vXt60eeYzUYG2rOfJGeqW3
PNYsm4UldhNPJQ==	rPeHLeuBY6vXt60eeYzUYG3LrAdpq9e3rR5JIzWYtnpQ2OoBYavXt5HmyBvpld4C
PNYsm4UldhNPfQ==	rPeHLeuBY6vXt60eeYzUYG3LrAdpq9e3rR5JIzWYtnpQ2OoBYavXt5HmyBvpld4C
PNYsm4UldhNSCQ==	rPeHLeuBY6vXt60eeYzUYG3LrAdpq9e3rR5JIzWYtnpQ2OoBYavXt5HmyBvpld4C
PNYsm4UldhNSHw==	rPeHLeuBY6vXt60eeYzUYG3LrAdpq9e3rR5JIzWYtnpQ2OoBYavXt5HmyBvpld4C
PNYsm4UlthNPJQ==	rPeHLeuBY6vXt60eeYzUYG3LrAdpq9e3rR5JIzWYtnpQ2OoBYavXt5HmyBvpld4C
PNYsm4UlthNPfQ==	rPeHLeuBY6vXt60eeYzUYG3LrAdpq9e3rR5JIzWYtnpQ2OoBYavXt5HmyBvpld4C
PNYsm4UlthNSCQ==	rPeHLeuBY6vXt60eeYzUYG3LrAdpq9e3rR5JIzWYtnpQ2OoBYavXt5HmyBvpld4C
PNYsm4UlthNSHw==	rPeHLeuBY6vXt60eeYzUYG3LrAdpq9e3rR5JIzWYtnpQ2OoBYavXt5HmyBvpld4C
PNYsm4WF3YRUAg==	rPeHLeuBY6vXt60eeYzUYG3LrAdpq9e3rR5JIzWYtnpQ2OoBYavXt5HmyBvpld4C
PNYsm4WF3YTUBw==	rPeHLeuBY6vXt60eeYzUYG3LrAdpq9e3rR5JIzWYtnpQ2OoBYavXt5HmyBvpld4C
PNYsm4WF3cRTCQ==	rPeHLeuBY6vXt60eeYzUYG3LrAdpq9e3rR5JIzWYtnpQ2OoBYavXt5HmyBvpld4C
PNYsm4WF3cRTHw==	rPeHLeuBY6vXt60eeYzUYG3LrAdpq9e3rR5JIzWYtnpQ2OoBYavXt5HmyBvpld4C
PNYsm4WF7YRUAg==	rPeHLeuBY6vXt60eeYzUYG3LrAdpq9e3rR5JIzWYtnpQ2OoBYavXt5HmyBvpld4C
PNYsm4WF7YTUBw==	rPeHLeuBY6vXt60eeYzUYG3LrAdpq9e3rR5JIzWYtnpQ2OoBYavXt5HmyBvpld4C
PNYsm4WF7cRTCQ==	rPeHLeuBY6vXt60eeYzUYG3LrAdpq9e3rR5JIzWYtnpQ2OoBYavXt5HmyBvpld4C
PNYsm4WF7cRTHw==	rPeHLeuBY6vXt60eeYzUYG3LrAdpq9e3rR5JIzWYtnpQ2OoBYavXt5HmyBvpld4C
PNYsmy0WdhNPJQ==	rPeHLeuBY6vXt60eeYzUYG3LrAdpq9e3rR5JIzWYtnpQ2OoBYavXt5HmyBvpld4C
PNYsmy0WdhNPfQ==	rPeHLeuBY6vXt60eeYzUYG3LrAdpq9e3rR5JIzWYtnpQ2OoBYavXt5HmyBvpld4C
PNYsmy0WdhNSCQ==	rPeHLeuBY6vXt60eeYzUYG3LrAdpq9e3rR5JIzWYtnpQ2OoBYavXt5HmyBvpld4C
PNYsmy0WdhNSHw==	rPeHLeuBY6vXt60eeYzUYG3LrAdpq9e3rR5JIzWYtnpQ2OoBYavXt5HmyBvpld4C
PNYsmy0WthNPJQ==	rPeHLeuBY6vXt60eeYzUYG3LrAdpq9e3rR5JIzWYtnpQ2OoBYavXt5HmyBvpld4C
PNYsmy0WthNPfQ==	rPeHLeuBY6vXt60eeYzUYG3LrAdpq9e3rR5JIzWYtnpQ2OoBYavXt5HmyBvpld4C
PNYsmy0WthNSCQ==	rPeHLeuBY6vXt60eeYzUYG3LrAdpq9e3rR5JIzWYtnpQ2OoBYavXt5HmyBvpld4C
PNYsmy0WthNSHw==	rPeHLeuBY6vXt60eeYzUYG3LrAdpq9e3rR5JIzWYtnpQ2OoBYavXt5HmyBvpld4C
PNYsmy2W2E089QE=	rPeHLeuBY6vXt60eeYzUYG3LrAdpq9e3rR5JIzWYtnpQ2OoBYavXt5HmyBvpld4C
PNYsmy2W2E08lQ==	rPeHLeuBY6vXt60eeYzUYG3LrAdpq9e3rR5JIzWYtnpQ2OoBYavXt5HmyBvpld4C
PNYsmy2W2E1IJQ==	rPeHLeuBY6vXt60eeYzUYG3LrAdpq9e3rR5JIzWYtnpQ2OoBYavXt5HmyBvpld4C
PNYsmy2W2E1IfQ==	rPeHLeuBY6vXt60eeYzUYG3LrAdpq9e3rR5JIzWYtnpQ2OoBYavXt5HmyBvpld4C
PNYsmy2W2E489QE=	rPeHLeuBY6vXt60eeYzUYG3LrAdpq9e3rR5JIzWYtnpQ2OoBYavXt5HmyBvpld4C
PNYsmy2W2E48lQ==	rPeHLeuBY6vXt60eeYzUYG3LrAdpq9e3rR5JIzWYtnpQ2OoBYavXt5HmyBvpld4C
PNYsmy2W2E5IJQ==	rPeHLeuBY6vXt60eeYzUYG3LrAdpq9e3rR5JIzWYtnpQ2OoBYavXt5HmyBvpld4C
PNYsmy2W2E5IfQ==	rPeHLeuBY6vXt60eeYzUYG3LrAdpq9e3rR5JIzWYtnpQ2OoBYavXt5HmyBvpld4C
PNYsw8J24qkE	rPeHLeuBY6vXt60eeYzUYG3LelDY6gFhq9e3kebIG+mV3gI=
PNYsw8J24qkP	rPeHLeuBY6vXt60eeYzUYG3LelDY6gFhq9e3kebIG+mV3gI=
PNYsw8J2QioB	rPeHLeuBY6vXt60eeYzUYG3LelDY6gFhq9e3kebIG+mV3gI=
PNYsw8J2QuoD	rPeHLeuBY6vXt60eeYzUYG3LelDY6gFhq9e3kebIG+mV3gI=
PNYsw8Ju4qkE	rPeHLeuBY6vXt60eeYzUYG3LelDY6gFhq9e3kebIG+mV3gI=
PNYsw8Ju4qkP	rPeHLeuBY6vXt60eeYzUYG3LelDY6gFhq9e3kebIG+mV3gI=
PNYsw8JuQioB	rPeHLeuBY6vXt60eeYzUYG3LelDY6gFhq9e3kebIG+mV3gI=
PNYsw8JuQuoD	rPeHLeuBY6vXt60eeYzUYG3LelDY6gFhq9e3kebIG+mV3gI=
PNYswxK7CakE	rPeHLeuBY6vXt60eeYzUYG3LelDY6gFhq9e3kebIG+mV3gI=
PNYswxK7CakP	rPeHLeuBY6vXt60eeYzUYG3LelDY6gFhq9e3kebIG+mV3gI=
PNYswxK7iac+	rPeHLeuBY6vXt60eeYzUYG3LelDY6gFhq9e3kebIG+mV3gI=
PNYswxK7iacS	rPeHLeuBY6vXt60eeYzUYG3LelDY6gFhq9e3kebIG+mV3gI=
PNYswxLbCakE	rPeHLeuBY6vXt60eeYzUYG3LelDY6gFhq9e3kebIG+mV3gI=
PNYswxLbCakP	rPeHLeuBY6vXt60eeYzUYG3LelDY6gFhq9e3kebIG+mV3gI=
PNYswxLbiac+	rPeHLeuBY6vXt60eeYzUYG3LelDY6gFhq9e3kebIG+mV3gI=
PNYswxLbiacS	rPeHLeuBY6vXt60eeYzUYG3LelDY6gFhq9e3kebIG+mV3gI=
PNZsTiU=	rPeHLeuBY6vXt60eeYzUYG2rOfJGeqW3
PNZsTiU=	rPeHLeuBY6vXt60eeYzUYG3LelDY6gFhq9e3kebIG+mV3gI=
PNZsTiU=	rPeHLeuBY6vXt60eeYzUYG3LrAdpq9e3rR5JIzWYtnpQ2OoBYavXt5HmyBvpld4C
PNZsTn0=	rPeHLeuBY6vXt60eeYzUYG2rOfJGeqW3
PNZsTn0=	rPeHLeuBY6vXt60eeYzUYG3LelDY6gFhq9e3kebIG+mV3gI=
PNZsTn0=	rPeHLeuBY6vXt60eeYzUYG3LrAdpq9e3rR5JIzWYtnpQ2OoBYavXt5HmyBvpld4C
PPY2KQM=	rPeHLbNepa3ep40Ux7TV+7Qpjmmr92lTHNNID9NW80ojvZIW
PPY2qQQ=	rPeHLbNepa3ep40Ux7TV+7Qpjmmr92lTHNNID9NW80ojvZIW
PPa2KAM=	rPeHLbNepa3ep40Ux7TV+7Qpjmmr92lTHNNID9NW80ojvZIW
PPa2qAQ=	rPeHLbNepa3ep40Ux7TV+7Qpjmmr92lTHNNID9NW80ojvZIW
PwM=	ep82xTEt
PwM=	ep82xTEt
XCxsJww=	rAeFrR4Qtnp9G2mOvAU=
XCxsJz4=	rAeFrR4Qtnp9G2mOvAU=
XCyxmzA=	rAeFrR4Qtnp9G2mOvAU=
XCyxnTA=	rAeFrR4Qtnp9G2mOvAU=
XCyxnfg=	rAeFrR4Qtnp9G2mOvAU=
XCzsJgw=	rAeFrR4Qtnp9G2mOvAU=
XCzsJj4=	rAeFrR4Qtnp9G2mOvAU=
XEsTBg==	rFdpq/dpI8UxLQ==
XEtTBg==	rFdpq/dpI8UxLQ==
XPsJAw==	rFdpq/dpI8UxLQ==
XPspAw==	rFdpq/dpI8UxLQ==
bBYWdhMG	zHqQtnp92+qRNFKDaasHha0eELZ6fRtpjrwF
bBYWdhMf	zHqQtnp92+qRNFKDaasHha0eELZ6fRtpjrwF
bBYWthMG	zHqQtnp92+qRNFKDaasHha0eELZ6fRtpjrwF
bBYWthMf	zHqQtnp92+qRNFKDaasHha0eELZ6fRtpjrwF
bBaW2E0Y	zHqQtnp92+qRNFKDaasHha0eELZ6fRtpjrwF
bBaW2E18	zHqQtnp92+qRNFKDaasHha0eELZ6fRtpjrwF
bBaW2E4Y	zHqQtnp92+qRNFKDaasHha0eELZ6fRtpjrwF
bBaW2E58	zHqQtnp92+qRNFKDaasHha0eELZ6fRtpjrwF
bLZY2E0Y	zHqQtnp92+qRNFKDaasHha0eELZ6fRtpjrwF
bLZY2E18	zHqQtnp92+qRNFKDaasHha0eELZ6fRtpjrwF
bLZY2E4Y	zHqQtnp92+qRNFKDaasHha0eELZ6fRtpjrwF
bLZY2E58	zHqQtnp92+qRNFKDaasHha0eELZ6fRtpjrwF
bLZYYjdh	zHqQtnp92+qRNFKDaasHha0eELZ6fRtpjrwF
bLZYYjfxAQ==	zHqQtnp92+qRNFKDaasHha0eELZ6fRtpjrwF
bLZYYjth	zHqQtnp92+qRNFKDaasHha0eELZ6fRtpjrwF
bLZYYjvxAQ==	zHqQtnp92+qRNFKDaasHha0eELZ6fRtpjrwF
jC++HwkD	zHqVtnqfNlIc01bv06Y4pq3ep01xTCM9TAs=
jC++HykD	zHqVtnqfNlIc01bv06Y4pq3ep01xTCM9TAs=
jC++NBIG	zHqVtnqfNlIc01bv06Y4pq3ep01xTCM9TAs=
jC++NFIG	zHqVtnqfNlIc01bv06Y4pq3ep01xTCM9TAs=
jC++OGE=	zHqVtnqfNlIc01bv06Y4pq3ep01xTCM9TAs=
jC++OGU=	zHqVtnqfNlIc01bv06Y4pq3ep01xTCM9TAs=
jC++PwkD	zHqVtnqfNlIc01bv06Y4pq3ep01xTCM9TAs=
jC++PykD	zHqVtnqfNlIc01bv06Y4pq3ep01xTCM9TAs=
jC++dBIG	zHqVtnqfNlIc01bv06Y4pq3ep01xTCM9TAs=
jC++dFIG	zHqVtnqfNlIc01bv06Y4pq3ep01xTCM9TAs=
jC+N+5Ew	zHqVtnqfNlIc01bv06Y4pq3ep01xTCM9TAs=
jC+N+5Ey	zHqVtnqfNlIc01bv06Y4pq3ep01xTCM9TAs=
jC+N+5Mw	zHqVtnqfNlIc01bv06Y4pq3ep01xTCM9TAs=
jC+N+5My	zHqVtnqfNlIc01bv06Y4pq3ep01xTCM9TAs=
jC+NSyNh	zHqVtnqfNlIc01bv06Y4pq3ep01xTCM9TAs=
jC+NSyNl	zHqVtnqfNlIc01bv06Y4pq3ep01xTCM9TAs=
jC+NSydh	zHqVtnqfNlIc01bv06Y4pq3ep01xTCM9TAs=
jC+NSydl	zHqVtnqfNlIc01bv06Y4pq3ep01xTCM9TAs=
jC+Ni1MG	zHqVtnqfNlIc01bv06Y4pq3ep01xTCM9TAs=
jC+NixMG	zHqVtnqfNlIc01bv06Y4pq3ep01xTCM9TAs=
jC+d+5Ew	zHqVtnqfNlIc01bv06Y4pq3ep01xTCM9TAs=
jC+d+5Ey	zHqVtnqfNlIc01bv06Y4pq3ep01xTCM9TAs=
jC+d+5Mw	zHqVtnqfNlIc01bv06Y4pq3ep01xTCM9TAs=
jC+d+5My	zHqVtnqfNlIc01bv06Y4pq3ep01xTCM9TAs=
jC+dSyNh	zHqVtnqfNlIc01bv06Y4pq3ep01xTCM9TAs=
jC+dSyNl	zHqVtnqfNlIc01bv06Y4pq3ep01xTCM9TAs=
jC+dSydh	zHqVtnqfNlIc01bv06Y4pq3ep01xTCM9TAs=
jC+dSydl	zHqVtnqfNlIc01bv06Y4pq3ep01xTCM9TAs=
jC+di1MG	zHqVtnqfNlIc01bv06Y4pq3ep01xTCM9TAs=
jC+dixMG	zHqVtnqfNlIc01bv06Y4pq3ep01xTCM9TAs=
jO/H/UgY	zHqVtnqfNlIc01bv06Y4pq3ep01xTCM9TAs=
jO/H/UgZ	zHqVtnqfNlIc01bv06Y4pq3ep01xTCM9TAs=
jO/H/UkY	zHqVtnqfNlIc01bv06Y4pq3ep01xTCM9TAs=
jO/H/UkZ	zHqVtnqfNlIc01bv06Y4pq3ep01xTCM9TAs=
jO/HpZEw	zHqVtnqfNlIc01bv06Y4pq3ep01xTCM9TAs=
jO/HpZEy	zHqVtnqfNlIc01bv06Y4pq3ep01xTCM9TAs=
jO/HpZMw	zHqVtnqfNlIc01bv06Y4pq3ep01xTCM9TAs=
jO/HpZMy	zHqVtnqfNlIc01bv06Y4pq3ep01xTCM9TAs=
jO/HxQkD	zHqVtnqfNlIc01bv06Y4pq3ep01xTCM9TAs=
jO/HxSkD	zHqVtnqfNlIc01bv06Y4pq3ep01xTCM9TAs=
jO/P/UgY	zHqVtnqfNlIc01bv06Y4pq3ep01xTCM9TAs=
jO/P/UgZ	zHqVtnqfNlIc01bv06Y4pq3ep01xTCM9TAs=
jO/P/UkY	zHqVtnqfNlIc01bv06Y4pq3ep01xTCM9TAs=
jO/P/UkZ	zHqVtnqfNlIc01bv06Y4pq3ep01xTCM9TAs=
jO/PpZEw	zHqVtnqfNlIc01bv06Y4pq3ep01xTCM9TAs=
jO/PpZEy	zHqVtnqfNlIc01bv06Y4pq3ep01xTCM9TAs=
jO/PpZMw	zHqVtnqfNlIc01bv06Y4pq3ep01xTCM9TAs=
jO/PpZMy	zHqVtnqfNlIc01bv06Y4pq3ep01xTCM9TAs=
jO/PxQkD	zHqVtnqfNlIc01bv06Y4pq3ep01xTCM9TAs=
jO/PxSkD	zHqVtnqfNlIc01bv06Y4pq3ep01xTCM9TAs=
nEsTBg==	rFdpq/dpI8UxLQ==
nLs3CQM=	rAdpq9e3rR5JIzWYFg==
nLuXEAY=	rAdpq9e3rR5JIzWYFg==
nLuXUAY=	rAdpq9e3rR5JIzWYFg==
nNs3CQM=	rAdpq9e3rR5JIzWYFg==
nNs3KQM=	rAdpq9e3rR5JIzWYFg==
nNuXEAY=	rAdpq9e3rR5JIzWYFg==
nNuXUAY=	rAdpq9e3rR5JIzWYFg==
nPsJAw==	rFdpq/dpI8UxLQ==
nPspAw==	rFdpq/dpI8UxLQ==
zLB7CeEWC7sJAw==	zHqQtnp92+qRNFKDaasHha0eELZ6fRtpjrwF
zLB7CeEWC7uJDw==	zHqQtnp92+qRNFKDaasHha0eELZ6fRtpjrwF
zLB7CeEWC9sJAw==	zHqQtnp92+qRNFKDaasHha0eELZ6fRtpjrwF
zLB7CeEWC9uJDw==	zHqQtnp92+qRNFKDaasHha0eELZ6fRtpjrwF
zLB7CeEWS+wmDA==	zHqQtnp92+qRNFKDaasHha0eELZ6fRtpjrwF
zLB7CeEWS+wmPg==	zHqQtnp92+qRNFKDaasHha0eELZ6fRtpjrwF
zLB7CeEWS2wnDA==	zHqQtnp92+qRNFKDaasHha0eELZ6fRtpjrwF
zLB7CeEWS2wnPg==	zHqQtnp92+qRNFKDaasHha0eELZ6fRtpjrwF
zLB7CeHCErsJAw==	zHqQtnp92+qRNFKDaasHha0eELZ6fRtpjrwF
zLB7CeHCEruJDw==	zHqQtnp92+qRNFKDaasHha0eELZ6fRtpjrwF
zLB7CeHCEtsJAw==	zHqQtnp92+qRNFKDaasHha0eELZ6fRtpjrwF
zLB7CeHCEtuJDw==	zHqQtnp92+qRNFKDaasHha0eELZ6fRtpjrwF
zLB7CeHCwm7C	zHqQtnp92+qRNFKDaasHha0eELZ6fRtpjrwF
zLB7CeHCwm7iAw==	zHqQtnp92+qRNFKDaasHha0eELZ6fRtpjrwF
zLB7CeHCwnbC	zHqQtnp92+qRNFKDaasHha0eELZ6fRtpjrwF
zLB7CeHCwnbiAw==	zHqQtnp92+qRNFKDaasHha0eELZ6fRtpjrwF
zLB7CeUWC7sJAw==	zHqQtnp92+qRNFKDaasHha0eELZ6fRtpjrwF
zLB7CeUWC7uJDw==	zHqQtnp92+qRNFKDaasHha0eELZ6fRtpjrwF
zLB7CeUWC9sJAw==	zHqQtnp92+qRNFKDaasHha0eELZ6fRtpjrwF
zLB7CeUWC9uJDw==	zHqQtnp92+qRNFKDaasHha0eELZ6fRtpjrwF
zLB7CeUWS+wmDA==	zHqQtnp92+qRNFKDaasHha0eELZ6fRtpjrwF
zLB7CeUWS+wmPg==	zHqQtnp92+qRNFKDaasHha0eELZ6fRtpjrwF
zLB7CeUWS2wnDA==	zHqQtnp92+qRNFKDaasHha0eELZ6fRtpjrwF
zLB7CeUWS2wnPg==	zHqQtnp92+qRNFKDaasHha0eELZ6fRtpjrwF
zLB7CeXCErsJAw==	zHqQtnp92+qRNFKDaasHha0eELZ6fRtpjrwF
zLB7CeXCEruJDw==	zHqQtnp92+qRNFKDaasHha0eELZ6fRtpjrwF
zLB7CeXCEtsJAw==	zHqQtnp92+qRNFKDaasHha0eELZ6fRtpjrwF
zLB7CeXCEtuJDw==	zHqQtnp92+qRNFKDaasHha0eELZ6fRtpjrwF
zLB7CeXCwm7C	zHqQtnp92+qRNFKDaasHha0eELZ6fRtpjrwF
zLB7CeXCwm7iAw==	zHqQtnp92+qRNFKDaasHha0eELZ6fRtpjrwF
zLB7CeXCwnbC	zHqQtnp92+qRNFKDaasHha0eELZ6fRtpjrwF
zLB7CeXCwnbiAw==	zHqQtnp92+qRNFKDaasHha0eELZ6fRtpjrwF
zLB7k3BhYTdh	zHqQtnp92+qRNFKDaasHha0eELZ6fRtpjrwF
zLB7k3BhYTfxAQ==	zHqQtnp92+qRNFKDaasHha0eELZ6fRtpjrwF
zLB7k3BhYTth	zHqQtnp92+qRNFKDaasHha0eELZ6fRtpjrwF
zLB7k3BhYTvxAQ==	zHqQtnp92+qRNFKDaasHha0eELZ6fRtpjrwF
zLB7k3Bhid2EAQ==	zHqQtnp92+qRNFKDaasHha0eELZ6fRtpjrwF
zLB7k3Bhid3EBw==	zHqQtnp92+qRNFKDaasHha0eELZ6fRtpjrwF
zLB7k3Bhie2EAQ==	zHqQtnp92+qRNFKDaasHha0eELZ6fRtpjrwF
zLB7k3Bhie3EBw==	zHqQtnp92+qRNFKDaasHha0eELZ6fRtpjrwF
zLB7k3CLJXYTBg==	zHqQtnp92+qRNFKDaasHha0eELZ6fRtpjrwF
zLB7k3CLJXYTHw==	zHqQtnp92+qRNFKDaasHha0eELZ6fRtpjrwF
zLB7k3CLJbYTBg==	zHqQtnp92+qRNFKDaasHha0eELZ6fRtpjrwF
zLB7k3CLJbYTHw==	zHqQtnp92+qRNFKDaasHha0eELZ6fRtpjrwF
zLB7k3CLhd2EAQ==	zHqQtnp92+qRNFKDaasHha0eELZ6fRtpjrwF
zLB7k3CLhd3EBw==	zHqQtnp92+qRNFKDaasHha0eELZ6fRtpjrwF
zLB7k3CLhe2EAQ==	zHqQtnp92+qRNFKDaasHha0eELZ6fRtpjrwF
zLB7k3CLhe3EBw==	zHqQtnp92+qRNFKDaasHha0eELZ6fRtpjrwF
zLB7k3JhYTdh	zHqQtnp92+qRNFKDaasHha0eELZ6fRtpjrwF
zLB7k3JhYTfxAQ==	zHqQtnp92+qRNFKDaasHha0eELZ6fRtpjrwF
zLB7k3JhYTth	zHqQtnp92+qRNFKDaasHha0eELZ6fRtpjrwF
zLB7k3JhYTvxAQ==	zHqQtnp92+qRNFKDaasHha0eELZ6fRtpjrwF
zLB7k3Jhid2EAQ==	zHqQtnp92+qRNFKDaasHha0eELZ6fRtpjrwF
zLB7k3Jhid3EBw==	zHqQtnp92+qRNFKDaasHha0eELZ6fRtpjrwF
zLB7k3Jhie2EAQ==	zHqQtnp92+qRNFKDaasHha0eELZ6fRtpjrwF
zLB7k3Jhie3EBw==	zHqQtnp92+qRNFKDaasHha0eELZ6fRtpjrwF
zLB7k3KLJXYTBg==	zHqQtnp92+qRNFKDaasHha0eELZ6fRtpjrwF
zLB7k3KLJXYTHw==	zHqQtnp92+qRNFKDaasHha0eELZ6fRtpjrwF
zLB7k3KLJbYTBg==	zHqQtnp92+qRNFKDaasHha0eELZ6fRtpjrwF
zLB7k3KLJbYTHw==	zHqQtnp92+qRNFKDaasHha0eELZ6fRtpjrwF
zLB7k3KLhd2EAQ==	zHqQtnp92+qRNFKDaasHha0eELZ6fRtpjrwF
zLB7k3KLhd3EBw==	zHqQtnp92+qRNFKDaasHha0eELZ6fRtpjrwF
zLB7k3KLhe2EAQ==	zHqQtnp92+qRNFKDaasHha0eELZ6fRtpjrwF
zLB7k3KLhe3EBw==	zHqQtnp92+qRNFKDaasHha0eELZ6fRtpjrwF
zLB9CeEWC7sJAw==	zHqQtnp92+qRNFKDaasHha0eELZ6fRtpjrwF
zLB9CeEWC7uJDw==	zHqQtnp92+qRNFKDaasHha0eELZ6fRtpjrwF
zLB9CeEWC9sJAw==	zHqQtnp92+qRNFKDaasHha0eELZ6fRtpjrwF
zLB9CeEWC9uJDw==	zHqQtnp92+qRNFKDaasHha0eELZ6fRtpjrwF
zLB9CeEWS+wmDA==	zHqQtnp92+qRNFKDaasHha0eELZ6fRtpjrwF
zLB9CeEWS+wmPg==	zHqQtnp92+qRNFKDaasHha0eELZ6fRtpjrwF
zLB9CeEWS2wnDA==	zHqQtnp92+qRNFKDaasHha0eELZ6fRtpjrwF
zLB9CeEWS2wnPg==	zHqQtnp92+qRNFKDaasHha0eELZ6fRtpjrwF
zLB9CeHCErsJAw==	zHqQtnp92+qRNFKDaasHha0eELZ6fRtpjrwF
zLB9CeHCEruJDw==	zHqQtnp92+qRNFKDaasHha0eELZ6fRtpjrwF
zLB9CeHCEtsJAw==	zHqQtnp92+qRNFKDaasHha0eELZ6fRtpjrwF
zLB9CeHCEtuJDw==	zHqQtnp92+qRNFKDaasHha0eELZ6fRtpjrwF
zLB9CeHCwm7C	zHqQtnp92+qRNFKDaasHha0eELZ6fRtpjrwF
zLB9CeHCwm7iAw==	zHqQtnp92+qRNFKDaasHha0eELZ6fRtpjrwF
zLB9CeHCwnbC	zHqQtnp92+qRNFKDaasHha0eELZ6fRtpjrwF
zLB9CeHCwnbiAw==	zHqQtnp92+qRNFKDaasHha0eELZ6fRtpjrwF
zLB9CeUWC7sJAw==	zHqQtnp92+qRNFKDaasHha0eELZ6fRtpjrwF
zLB9CeUWC7uJDw==	zHqQtnp92+qRNFKDaasHha0eELZ6fRtpjrwF
zLB9CeUWC9sJAw==	zHqQtnp92+qRNFKDaasHha0eELZ6fRtpjrwF
zLB9CeUWC9uJDw==	zHqQtnp92+qRNFKDaasHha0eELZ6fRtpjrwF
zLB9CeUWS+wmDA==	zHqQtnp92+qRNFKDaasHha0eELZ6fRtpjrwF
zLB9CeUWS+wmPg==	zHqQtnp92+qRNFKDaasHha0eELZ6fRtpjrwF
zLB9CeUWS2wnDA==	zHqQtnp92+qRNFKDaasHha0eELZ6fRtpjrwF
zLB9CeUWS2wnPg==	zHqQtnp92+qRNFKDaasHha0eELZ6fRtpjrwF
zLB9CeXCErsJAw==	zHqQtnp92+qRNFKDaasHha0eELZ6fRtpjrwF
zLB9CeXCEruJDw==	zHqQtnp92+qRNFKDaasHha0eELZ6fRtpjrwF
zLB9CeXCEtsJAw==	zHqQtnp92+qRNFKDaasHha0eELZ6fRtpjrwF
zLB9CeXCEtuJDw==	zHqQtnp92+qRNFKDaasHha0eELZ6fRtpjrwF
zLB9CeXCwm7C	zHqQtnp92+qRNFKDaasHha0eELZ6fRtpjrwF
zLB9CeXCwm7iAw==	zHqQtnp92+qRNFKDaasHha0eELZ6fRtpjrwF
zLB9CeXCwnbC	zHqQtnp92+qRNFKDaasHha0eELZ6fRtpjrwF
zLB9CeXCwnbiAw==	zHqQtnp92+qRNFKDaasHha0eELZ6fRtpjrwF
zLB9k3BhYTdh	zHqQtnp92+qRNFKDaasHha0eELZ6fRtpjrwF
zLB9k3BhYTfxAQ==	zHqQtnp92+qRNFKDaasHha0eELZ6fRtpjrwF
zLB9k3BhYTth	zHqQtnp92+qRNFKDaasHha0eELZ6fRtpjrwF
zLB9k3BhYTvxAQ==	zHqQtnp92+qRNFKDaasHha0eELZ6fRtpjrwF
zLB9k3Bhid2EAQ==	zHqQtnp92+qRNFKDaasHha0eELZ6fRtpjrwF
zLB9k3Bhid3EBw==	zHqQtnp92+qRNFKDaasHha0eELZ6fRtpjrwF
zLB9k3Bhie2EAQ==	zHqQtnp92+qRNFKDaasHha0eELZ6fRtpjrwF
zLB9k3Bhie3EBw==	zHqQtnp92+qRNFKDaasHha0eELZ6fRtpjrwF
zLB9k3CLJXYTBg==	zHqQtnp92+qRNFKDaasHha0eELZ6fRtpjrwF
zLB9k3CLJXYTHw==	zHqQtnp92+qRNFKDaasHha0eELZ6fRtpjrwF
zLB9k3CLJbYTBg==	zHqQtnp92+qRNFKDaasHha0eELZ6fRtpjrwF
zLB9k3CLJbYTHw==	zHqQtnp92+qRNFKDaasHha0eELZ6fRtpjrwF
zLB9k3CLhd2EAQ==	zHqQtnp92+qRNFKDaasHha0eELZ6fRtpjrwF
zLB9k3CLhd3EBw==	zHqQtnp92+qRNFKDaasHha0eELZ6fRtpjrwF
zLB9k3CLhe2EAQ==	zHqQtnp92+qRNFKDaasHha0eELZ6fRtpjrwF
zLB9k3CLhe3EBw==	zHqQtnp92+qRNFKDaasHha0eELZ6fRtpjrwF
zLB9k3JhYTdh	zHqQtnp92+qRNFKDaasHha0eELZ6fRtpjrwF
zLB9k3JhYTfxAQ==	zHqQtnp92+qRNFKDaasHha0eELZ6fRtpjrwF
zLB9k3JhYTth	zHqQtnp92+qRNFKDaasHha0eELZ6fRtpjrwF
zLB9k3JhYTvxAQ==	zHqQtnp92+qRNFKDaasHha0eELZ6fRtpjrwF
zLB9k3Jhid2EAQ==	zHqQtnp92+qRNFKDaasHha0eELZ6fRtpjrwF
zLB9k3Jhid3EBw==	zHqQtnp92+qRNFKDaasHha0eELZ6fRtpjrwF
zLB9k3Jhie2EAQ==	zHqQtnp92+qRNFKDaasHha0eELZ6fRtpjrwF
zLB9k3Jhie3EBw==	zHqQtnp92+qRNFKDaasHha0eELZ6fRtpjrwF
zLB9k3KLJXYTBg==	zHqQtnp92+qRNFKDaasHha0eELZ6fRtpjrwF
zLB9k3KLJXYTHw==	zHqQtnp92+qRNFKDaasHha0eELZ6fRtpjrwF
zLB9k3KLJbYTBg==	zHqQtnp92+qRNFKDaasHha0eELZ6fRtpjrwF
zLB9k3KLJbYTHw==	zHqQtnp92+qRNFKDaasHha0eELZ6fRtpjrwF
zLB9k3KLhd2EAQ==	zHqQtnp92+qRNFKDaasHha0eELZ6fRtpjrwF
zLB9k3KLhd3EBw==	zHqQtnp92+qRNFKDaasHha0eELZ6fRtpjrwF
zLB9k3KLhe2EAQ==	zHqQtnp92+qRNFKDaasHha0eELZ6fRtpjrwF
zLB9k3KLhe3EBw==	zHqQtnp92+qRNFKDaasHha0eELZ6fRtpjrwF
zLU04X5cGgkD	zHqVtnqfNlIc01bv06Y4pq3ep01xTCM9TAs=
zLU04X5cGikD	zHqVtnqfNlIc01bv06Y4pq3ep01xTCM9TAs=
zLU04X5cOgkD	zHqVtnqfNlIc01bv06Y4pq3ep01xTCM9TAs=
zLU04X5cOikD	zHqVtnqfNlIc01bv06Y4pq3ep01xTCM9TAs=
zLU04X5cnDA=	zHqVtnqfNlIc01bv06Y4pq3ep01xTCM9TAs=
zLU04X5cnDI=	zHqVtnqfNlIc01bv06Y4pq3ep01xTCM9TAs=
zLU04X7cj4QB	zHqVtnqfNlIc01bv06Y4pq3ep01xTCM9TAs=
zLU04X7cj5QB	zHqVtnqfNlIc01bv06Y4pq3ep01xTCM9TAs=
zLU04X7cn4QB	zHqVtnqfNlIc01bv06Y4pq3ep01xTCM9TAs=
zLU04X7cn5QB	zHqVtnqfNlIc01bv06Y4pq3ep01xTCM9TAs=
zLU04dK4HwkD	zHqVtnqfNlIc01bv06Y4pq3ep01xTCM9TAs=
zLU04dK4HykD	zHqVtnqfNlIc01bv06Y4pq3ep01xTCM9TAs=
zLU04dK4NBIG	zHqVtnqfNlIc01bv06Y4pq3ep01xTCM9TAs=
zLU04dK4NFIG	zHqVtnqfNlIc01bv06Y4pq3ep01xTCM9TAs=
zLU04dK4OGE=	zHqVtnqfNlIc01bv06Y4pq3ep01xTCM9TAs=
zLU04dK4OGU=	zHqVtnqfNlIc01bv06Y4pq3ep01xTCM9TAs=
zLU04dK4PwkD	zHqVtnqfNlIc01bv06Y4pq3ep01xTCM9TAs=
zLU04dK4PykD	zHqVtnqfNlIc01bv06Y4pq3ep01xTCM9TAs=
zLU04dK4dBIG	zHqVtnqfNlIc01bv06Y4pq3ep01xTCM9TAs=
zLU04dK4dFIG	zHqVtnqfNlIc01bv06Y4pq3ep01xTCM9TAs=
zLU04dK5HwkD	zHqVtnqfNlIc01bv06Y4pq3ep01xTCM9TAs=
zLU04dK5HykD	zHqVtnqfNlIc01bv06Y4pq3ep01xTCM9TAs=
zLU04dK5NBIG	zHqVtnqfNlIc01bv06Y4pq3ep01xTCM9TAs=
zLU04dK5NFIG	zHqVtnqfNlIc01bv06Y4pq3ep01xTCM9TAs=
zLU04dK5OGE=	zHqVtnqfNlIc01bv06Y4pq3ep01xTCM9TAs=
zLU04dK5OGU=	zHqVtnqfNlIc01bv06Y4pq3ep01xTCM9TAs=
zLU04dK5PwkD	zHqVtnqfNlIc01bv06Y4pq3ep01xTCM9TAs=
zLU04dK5PykD	zHqVtnqfNlIc01bv06Y4pq3ep01xTCM9TAs=
zLU04dK5dBIG	zHqVtnqfNlIc01bv06Y4pq3ep01xTCM9TAs=
zLU04dK5dFIG	zHqVtnqfNlIc01bv06Y4pq3ep01xTCM9TAs=
zLU04eJLI2E=	zHqVtnqfNlIc01bv06Y4pq3ep01xTCM9TAs=
zLU04eJLI2U=	zHqVtnqfNlIc01bv06Y4pq3ep01xTCM9TAs=
zLU04eJLJ2E=	zHqVtnqfNlIc01bv06Y4pq3ep01xTCM9TAs=
zLU04eJLJ2U=	zHqVtnqfNlIc01bv06Y4pq3ep01xTCM9TAs=
zLU04eKLEwY=	zHqVtnqfNlIc01bv06Y4pq3ep01xTCM9TAs=
zLU04eKLUwY=	zHqVtnqfNlIc01bv06Y4pq3ep01xTCM9TAs=
zLU04eL7kTA=	zHqVtnqfNlIc01bv06Y4pq3ep01xTCM9TAs=
zLU04eL7kTI=	zHqVtnqfNlIc01bv06Y4pq3ep01xTCM9TAs=
zLU04eL7kzA=	zHqVtnqfNlIc01bv06Y4pq3ep01xTCM9TAs=
zLU04eL7kzI=	zHqVtnqfNlIc01bv06Y4pq3ep01xTCM9TAs=
zLU04f5cGgkD	zHqVtnqfNlIc01bv06Y4pq3ep01xTCM9TAs=
zLU04f5cGikD	zHqVtnqfNlIc01bv06Y4pq3ep01xTCM9TAs=
zLU04f5cOgkD	zHqVtnqfNlIc01bv06Y4pq3ep01xTCM9TAs=
zLU04f5cOikD	zHqVtnqfNlIc01bv06Y4pq3ep01xTCM9TAs=
zLU04f5cnDA=	zHqVtnqfNlIc01bv06Y4pq3ep01xTCM9TAs=
zLU04f5cnDI=	zHqVtnqfNlIc01bv06Y4pq3ep01xTCM9TAs=
zLU04f7cj4QB	zHqVtnqfNlIc01bv06Y4pq3ep01xTCM9TAs=
zLU04f7cj5QB	zHqVtnqfNlIc01bv06Y4pq3ep01xTCM9TAs=
zLU04f7cn4QB	zHqVtnqfNlIc01bv06Y4pq3ep01xTCM9TAs=
zLU04f7cn5QB	zHqVtnqfNlIc01bv06Y4pq3ep01xTCM9TAs=
zLU05X5cGgkD	zHqVtnqfNlIc01bv06Y4pq3ep01xTCM9TAs=
zLU05X5cGikD	zHqVtnqfNlIc01bv06Y4pq3ep01xTCM9TAs=
zLU05X5cOgkD	zHqVtnqfNlIc01bv06Y4pq3ep01xTCM9TAs=
zLU05X5cOikD	zHqVtnqfNlIc01bv06Y4pq3ep01xTCM9TAs=
zLU05X5cnDA=	zHqVtnqfNlIc01bv06Y4pq3ep01xTCM9TAs=
zLU05X5cnDI=	zHqVtnqfNlIc01bv06Y4pq3ep01xTCM9TAs=
zLU05X7cj4QB	zHqVtnqfNlIc01bv06Y4pq3ep01xTCM9TAs=
zLU05X7cj5QB	zHqVtnqfNlIc01bv06Y4pq3ep01xTCM9TAs=
zLU05X7cn4QB	zHqVtnqfNlIc01bv06Y4pq3ep01xTCM9TAs=
zLU05X7cn5QB	zHqVtnqfNlIc01bv06Y4pq3ep01xTCM9TAs=
zLU05dK4HwkD	zHqVtnqfNlIc01bv06Y4pq3ep01xTCM9TAs=
zLU05dK4HykD	zHqVtnqfNlIc01bv06Y4pq3ep01xTCM9TAs=
zLU05dK4NBIG	zHqVtnqfNlIc01bv06Y4pq3ep01xTCM9TAs=
zLU05dK4NFIG	zHqVtnqfNlIc01bv06Y4pq3ep01xTCM9TAs=
zLU05dK4OGE=	zHqVtnqfNlIc01bv06Y4pq3ep01xTCM9TAs=
zLU05dK4OGU=	zHqVtnqfNlIc01bv06Y4pq3ep01xTCM9TAs=
zLU05dK4PwkD	zHqVtnqfNlIc01bv06Y4pq3ep01xTCM9TAs=
zLU05dK4PykD	zHqVtnqfNlIc01bv06Y4pq3ep01xTCM9TAs=
zLU05dK4dBIG	zHqVtnqfNlIc01bv06Y4pq3ep01xTCM9TAs=
zLU05dK4dFIG	zHqVtnqfNlIc01bv06Y4pq3ep01xTCM9TAs=
zLU05dK5HwkD	zHqVtnqfNlIc01bv06Y4pq3ep01xTCM9TAs=
zLU05dK5HykD	zHqVtnqfNlIc01bv06Y4pq3ep01xTCM9TAs=
zLU05dK5NBIG	zHqVtnqfNlIc01bv06Y4pq3ep01xTCM9TAs=
zLU05dK5NFIG	zHqVtnqfNlIc01bv06Y4pq3ep01xTCM9TAs=
zLU05dK5OGE=	zHqVtnqfNlIc01bv06Y4pq3ep01xTCM9TAs=
zLU05dK5OGU=	zHqVtnqfNlIc01bv06Y4pq3ep01xTCM9TAs=
zLU05dK5PwkD	zHqVtnqfNlIc01bv06Y4pq3ep01xTCM9TAs=
zLU05dK5PykD	zHqVtnqfNlIc01bv06Y4pq3ep01xTCM9TAs=
zLU05dK5dBIG	zHqVtnqfNlIc01bv06Y4pq3ep01xTCM9TAs=
zLU05dK5dFIG	zHqVtnqfNlIc01bv06Y4pq3ep01xTCM9TAs=
zLU05eJLI2E=	zHqVtnqfNlIc01bv06Y4pq3ep01xTCM9TAs=
zLU05eJLI2U=	zHqVtnqfNlIc01bv06Y4pq3ep01xTCM9TAs=
zLU05eJLJ2E=	zHqVtnqfNlIc01bv06Y4pq3ep01xTCM9TAs=
zLU05eJLJ2U=	zHqVtnqfNlIc01bv06Y4pq3ep01xTCM9TAs=
zLU05eKLEwY=	zHqVtnqfNlIc01bv06Y4pq3ep01xTCM9TAs=
zLU05eKLUwY=	zHqVtnqfNlIc01bv06Y4pq3ep01xTCM9TAs=
zLU05eL7kTA=	zHqVtnqfNlIc01bv06Y4pq3ep01xTCM9TAs=
zLU05eL7kTI=	zHqVtnqfNlIc01bv06Y4pq3ep01xTCM9TAs=
zLU05eL7kzA=	zHqVtnqfNlIc01bv06Y4pq3ep01xTCM9TAs=
zLU05eL7kzI=	zHqVtnqfNlIc01bv06Y4pq3ep01xTCM9TAs=
zLU05f5cGgkD	zHqVtnqfNlIc01bv06Y4pq3ep01xTCM9TAs=
zLU05f5cGikD	zHqVtnqfNlIc01bv06Y4pq3ep01xTCM9TAs=
zLU05f5cOgkD	zHqVtnqfNlIc01bv06Y4pq3ep01xTCM9TAs=
zLU05f5cOikD	zHqVtnqfNlIc01bv06Y4pq3ep01xTCM9TAs=
zLU05f5cnDA=	zHqVtnqfNlIc01bv06Y4pq3ep01xTCM9TAs=
zLU05f5cnDI=	zHqVtnqfNlIc01bv06Y4pq3ep01xTCM9TAs=
zLU05f7cj4QB	zHqVtnqfNlIc01bv06Y4pq3ep01xTCM9TAs=
zLU05f7cj5QB	zHqVtnqfNlIc01bv06Y4pq3ep01xTCM9TAs=
zLU05f7cn4QB	zHqVtnqfNlIc01bv06Y4pq3ep01xTCM9TAs=
zLU05f7cn5QB	zHqVtnqfNlIc01bv06Y4pq3ep01xTCM9TAs=
zLWfcD/uR8I=	zHqVtnqfNlIc01bv06Y4pq3ep01xTCM9TAs=
zLWfcD/uR8o=	zHqVtnqfNlIc01bv06Y4pq3ep01xTCM9TAs=
zLWfcD/uT8I=	zHqVtnqfNlIc01bv06Y4pq3ep01xTCM9TAs=
zLWfcD/uT8o=	zHqVtnqfNlIc01bv06Y4pq3ep01xTCM9TAs=
zLWfcD8uThg=	zHqVtnqfNlIc01bv06Y4pq3ep01xTCM9TAs=
zLWfcD8uThk=	zHqVtnqfNlIc01bv06Y4pq3ep01xTCM9TAs=
zLWfcD8ujYQB	zHqVtnqfNlIc01bv06Y4pq3ep01xTCM9TAs=
zLWfcD8ujZQB	zHqVtnqfNlIc01bv06Y4pq3ep01xTCM9TAs=
zLWfcD8unYQB	zHqVtnqfNlIc01bv06Y4pq3ep01xTCM9TAs=
zLWfcD8unZQB	zHqVtnqfNlIc01bv06Y4pq3ep01xTCM9TAs=
zLWfcGlcGgkD	zHqVtnqfNlIc01bv06Y4pq3ep01xTCM9TAs=
zLWfcGlcGikD	zHqVtnqfNlIc01bv06Y4pq3ep01xTCM9TAs=
zLWfcGlcOgkD	zHqVtnqfNlIc01bv06Y4pq3ep01xTCM9TAs=
zLWfcGlcOikD	zHqVtnqfNlIc01bv06Y4pq3ep01xTCM9TAs=
zLWfcGlcnDA=	zHqVtnqfNlIc01bv06Y4pq3ep01xTCM9TAs=
zLWfcGlcnDI=	zHqVtnqfNlIc01bv06Y4pq3ep01xTCM9TAs=
zLWfcGncj4QB	zHqVtnqfNlIc01bv06Y4pq3ep01xTCM9TAs=
zLWfcGncj5QB	zHqVtnqfNlIc01bv06Y4pq3ep01xTCM9TAs=
zLWfcGncn4QB	zHqVtnqfNlIc01bv06Y4pq3ep01xTCM9TAs=
zLWfcGncn5QB	zHqVtnqfNlIc01bv06Y4pq3ep01xTCM9TAs=
zLWfcH/uR8I=	zHqVtnqfNlIc01bv06Y4pq3ep01xTCM9TAs=
zLWfcH/uR8o=	zHqVtnqfNlIc01bv06Y4pq3ep01xTCM9TAs=
zLWfcH/uT8I=	zHqVtnqfNlIc01bv06Y4pq3ep01xTCM9TAs=
zLWfcH/uT8o=	zHqVtnqfNlIc01bv06Y4pq3ep01xTCM9TAs=
zLWfcH8uThg=	zHqVtnqfNlIc01bv06Y4pq3ep01xTCM9TAs=
zLWfcH8uThk=	zHqVtnqfNlIc01bv06Y4pq3ep01xTCM9TAs=
zLWfcH8ujYQB	zHqVtnqfNlIc01bv06Y4pq3ep01xTCM9TAs=
zLWfcH8ujZQB	zHqVtnqfNlIc01bv06Y4pq3ep01xTCM9TAs=
zLWfcH8unYQB	zHqVtnqfNlIc01bv06Y4pq3ep01xTCM9TAs=
zLWfcH8unZQB	zHqVtnqfNlIc01bv06Y4pq3ep01xTCM9TAs=
zLWfcOlcGgkD	zHqVtnqfNlIc01bv06Y4pq3ep01xTCM9TAs=
zLWfcOlcGikD	zHqVtnqfNlIc01bv06Y4pq3ep01xTCM9TAs=
zLWfcOlcOgkD	zHqVtnqfNlIc01bv06Y4pq3ep01xTCM9TAs=
zLWfcOlcOikD	zHqVtnqfNlIc01bv06Y4pq3ep01xTCM9TAs=
zLWfcOlcnDA=	zHqVtnqfNlIc01bv06Y4pq3ep01xTCM9TAs=
zLWfcOlcnDI=	zHqVtnqfNlIc01bv06Y4pq3ep01xTCM9TAs=
zLWfcOncj4QB	zHqVtnqfNlIc01bv06Y4pq3ep01xTCM9TAs=
zLWfcOncj5QB	zHqVtnqfNlIc01bv06Y4pq3ep01xTCM9TAs=
zLWfcOncn4QB	zHqVtnqfNlIc01bv06Y4pq3ep01xTCM9TAs=
zLWfcOncn5QB	zHqVtnqfNlIc01bv06Y4pq3ep01xTCM9TAs=
zLWfcPGlkTA=	zHqVtnqfNlIc01bv06Y4pq3ep01xTCM9TAs=
zLWfcPGlkTI=	zHqVtnqfNlIc01bv06Y4pq3ep01xTCM9TAs=
zLWfcPGlkzA=	zHqVtnqfNlIc01bv06Y4pq3ep01xTCM9TAs=
zLWfcPGlkzI=	zHqVtnqfNlIc01bv06Y4pq3ep01xTCM9TAs=
zLWfcPH9SBg=	zHqVtnqfNlIc01bv06Y4pq3ep01xTCM9TAs=
zLWfcPH9SBk=	zHqVtnqfNlIc01bv06Y4pq3ep01xTCM9TAs=
zLWfcPH9SRg=	zHqVtnqfNlIc01bv06Y4pq3ep01xTCM9TAs=
zLWfcPH9SRk=	zHqVtnqfNlIc01bv06Y4pq3ep01xTCM9TAs=
zLWfcPHFCQM=	zHqVtnqfNlIc01bv06Y4pq3ep01xTCM9TAs=
zLWfcPHFKQM=	zHqVtnqfNlIc01bv06Y4pq3ep01xTCM9TAs=
zLWfcj/uR8I=	zHqVtnqfNlIc01bv06Y4pq3ep01xTCM9TAs=
zLWfcj/uR8o=	zHqVtnqfNlIc01bv06Y4pq3ep01xTCM9TAs=
zLWfcj/uT8I=	zHqVtnqfNlIc01bv06Y4pq3ep01xTCM9TAs=
zLWfcj/uT8o=	zHqVtnqfNlIc01bv06Y4pq3ep01xTCM9TAs=
zLWfcj8uThg=	zHqVtnqfNlIc01bv06Y4pq3ep01xTCM9TAs=
zLWfcj8uThk=	zHqVtnqfNlIc01bv06Y4pq3ep01xTCM9TAs=
zLWfcj8ujYQB	zHqVtnqfNlIc01bv06Y4pq3ep01xTCM9TAs=
zLWfcj8ujZQB	zHqVtnqfNlIc01bv06Y4pq3ep01xTCM9TAs=
zLWfcj8unYQB	zHqVtnqfNlIc01bv06Y4pq3ep01xTCM9TAs=
zLWfcj8unZQB	zHqVtnqfNlIc01bv06Y4pq3ep01xTCM9TAs=
zLWfcmlcGgkD	zHqVtnqfNlIc01bv06Y4pq3ep01xTCM9TAs=
zLWfcmlcGikD	zHqVtnqfNlIc01bv06Y4pq3ep01xTCM9TAs=
zLWfcmlcOgkD	zHqVtnqfNlIc01bv06Y4pq3ep01xTCM9TAs=
zLWfcmlcOikD	zHqVtnqfNlIc01bv06Y4pq3ep01xTCM9TAs=
zLWfcmlcnDA=	zHqVtnqfNlIc01bv06Y4pq3ep01xTCM9TAs=
zLWfcmlcnDI=	zHqVtnqfNlIc01bv06Y4pq3ep01xTCM9TAs=
zLWfcmncj4QB	zHqVtnqfNlIc01bv06Y4pq3ep01xTCM9TAs=
zLWfcmncj5QB	zHqVtnqfNlIc01bv06Y4pq3ep01xTCM9TAs=
zLWfcmncn4QB	zHqVtnqfNlIc01bv06Y4pq3ep01xTCM9TAs=
zLWfcmncn5QB	zHqVtnqfNlIc01bv06Y4pq3ep01xTCM9TAs=
zLWfcn/uR8I=	zHqVtnqfNlIc01bv06Y4pq3ep01xTCM9TAs=
zLWfcn/uR8o=	zHqVtnqfNlIc01bv06Y4pq3ep01xTCM9TAs=
zLWfcn/uT8I=	zHqVtnqfNlIc01bv06Y4pq3ep01xTCM9TAs=
zLWfcn/uT8o=	zHqVtnqfNlIc01bv06Y4pq3ep01xTCM9TAs=
zLWfcn8uThg=	zHqVtnqfNlIc01bv06Y4pq3ep01xTCM9TAs=
zLWfcn8uThk=	zHqVtnqfNlIc01bv06Y4pq3ep01xTCM9TAs=
zLWfcn8ujYQB	zHqVtnqfNlIc01bv06Y4pq3ep01xTCM9TAs=
zLWfcn8ujZQB	zHqVtnqfNlIc01bv06Y4pq3ep01xTCM9TAs=
zLWfcn8unYQB	zHqVtnqfNlIc01bv06Y4pq3ep01xTCM9TAs=
zLWfcn8unZQB	zHqVtnqfNlIc01bv06Y4pq3ep01xTCM9TAs=
zLWfculcGgkD	zHqVtnqfNlIc01bv06Y4pq3ep01xTCM9TAs=
zLWfculcGikD	zHqVtnqfNlIc01bv06Y4pq3ep01xTCM9TAs=
zLWfculcOgkD	zHqVtnqfNlIc01bv06Y4pq3ep01xTCM9TAs=
zLWfculcOikD	zHqVtnqfNlIc01bv06Y4pq3ep01xTCM9TAs=
zLWfculcnDA=	zHqVtnqfNlIc01bv06Y4pq3ep01xTCM9TAs=
zLWfculcnDI=	zHqVtnqfNlIc01bv06Y4pq3ep01xTCM9TAs=
zLWfcuncj4QB	zHqVtnqfNlIc01bv06Y4pq3ep01xTCM9TAs=
zLWfcuncj5QB	zHqVtnqfNlIc01bv06Y4pq3ep01xTCM9TAs=
zLWfcuncn4QB	zHqVtnqfNlIc01bv06Y4pq3ep01xTCM9TAs=
zLWfcuncn5QB	zHqVtnqfNlIc01bv06Y4pq3ep01xTCM9TAs=
zLWfcvGlkTA=	zHqVtnqfNlIc01bv06Y4pq3ep01xTCM9TAs=
zLWfcvGlkTI=	zHqVtnqfNlIc01bv06Y4pq3ep01xTCM9TAs=
zLWfcvGlkzA=	zHqVtnqfNlIc01bv06Y4pq3ep01xTCM9TAs=
zLWfcvGlkzI=	zHqVtnqfNlIc01bv06Y4pq3ep01xTCM9TAs=
zLWfcvH9SBg=	zHqVtnqfNlIc01bv06Y4pq3ep01xTCM9TAs=
zLWfcvH9SBk=	zHqVtnqfNlIc01bv06Y4pq3ep01xTCM9TAs=
zLWfcvH9SRg=	zHqVtnqfNlIc01bv06Y4pq3ep01xTCM9TAs=
zLWfcvH9SRk=	zHqVtnqfNlIc01bv06Y4pq3ep01xTCM9TAs=
zLWfcvHFCQM=	zHqVtnqfNlIc01bv06Y4pq3ep01xTCM9TAs=
zLWfcvHFKQM=	zHqVtnqfNlIc01bv06Y4pq3ep01xTCM9TAs=
zLk04X5cGgkD	zHqVtnqfNlIc01bv06Y4pq3ep01xTCM9TAs=
zLk04X5cGikD	zHqVtnqfNlIc01bv06Y4pq3ep01xTCM9TAs=
zLk04X5cOgkD	zHqVtnqfNlIc01bv06Y4pq3ep01xTCM9TAs=
zLk04X5cOikD	zHqVtnqfNlIc01bv06Y4pq3ep01xTCM9TAs=
zLk04X5cnDA=	zHqVtnqfNlIc01bv06Y4pq3ep01xTCM9TAs=
zLk04X5cnDI=	zHqVtnqfNlIc01bv06Y4pq3ep01xTCM9TAs=
zLk04X7cj4QB	zHqVtnqfNlIc01bv06Y4pq3ep01xTCM9TAs=
zLk04X7cj5QB	zHqVtnqfNlIc01bv06Y4pq3ep01xTCM9TAs=
zLk04X7cn4QB	zHqVtnqfNlIc01bv06Y4pq3ep01xTCM9TAs=
zLk04X7cn5QB	zHqVtnqfNlIc01bv06Y4pq3ep01xTCM9TAs=
zLk04dK4HwkD	zHqVtnqfNlIc01bv06Y4pq3ep01xTCM9TAs=
zLk04dK4HykD	zHqVtnqfNlIc01bv06Y4pq3ep01xTCM9TAs=
zLk04dK4NBIG	zHqVtnqfNlIc01bv06Y4pq3ep01xTCM9TAs=
zLk04dK4NFIG	zHqVtnqfNlIc01bv06Y4pq3ep01xTCM9TAs=
zLk04dK4OGE=	zHqVtnqfNlIc01bv06Y4pq3ep01xTCM9TAs=
zLk04dK4OGU=	zHqVtnqfNlIc01bv06Y4pq3ep01xTCM9TAs=
zLk04dK4PwkD	zHqVtnqfNlIc01bv06Y4pq3ep01xTCM9TAs=
zLk04dK4PykD	zHqVtnqfNlIc01bv06Y4pq3ep01xTCM9TAs=
zLk04dK4dBIG	zHqVtnqfNlIc01bv06Y4pq3ep01xTCM9TAs=
zLk04dK4dFIG	zHqVtnqfNlIc01bv06Y4pq3ep01xTCM9TAs=
zLk04dK5HwkD	zHqVtnqfNlIc01bv06Y4pq3ep01xTCM9TAs=
zLk04dK5HykD	zHqVtnqfNlIc01bv06Y4pq3ep01xTCM9TAs=
zLk04dK5NBIG	zHqVtnqfNlIc01bv06Y4pq3ep01xTCM9TAs=
zLk04dK5NFIG	zHqVtnqfNlIc01bv06Y4pq3ep01xTCM9TAs=
zLk04dK5OGE=	zHqVtnqfNlIc01bv06Y4pq3ep01xTCM9TAs=
zLk04dK5OGU=	zHqVtnqfNlIc01bv06Y4pq3ep01xTCM9TAs=
zLk04dK5PwkD	zHqVtnqfNlIc01bv06Y4pq3ep01xTCM9TAs=
zLk04dK5PykD	zHqVtnqfNlIc01bv06Y4pq3ep01xTCM9TAs=
zLk04dK5dBIG	zHqVtnqfNlIc01bv06Y4pq3ep01xTCM9TAs=
zLk04dK5dFIG	zHqVtnqfNlIc01bv06Y4pq3ep01xTCM9TAs=
zLk04eJLI2E=	zHqVtnqfNlIc01bv06Y4pq3ep01xTCM9TAs=
zLk04eJLI2U=	zHqVtnqfNlIc01bv06Y4pq3ep01xTCM9TAs=
zLk04eJLJ2E=	zHqVtnqfNlIc01bv06Y4pq3ep01xTCM9TAs=
zLk04eJLJ2U=	zHqVtnqfNlIc01bv06Y4pq3ep01xTCM9TAs=
zLk04eKLEwY=	zHqVtnqfNlIc01bv06Y4pq3ep01xTCM9TAs=
zLk04eKLUwY=	zHqVtnqfNlIc01bv06Y4pq3ep01xTCM9TAs=
zLk04eL7kTA=	zHqVtnqfNlIc01bv06Y4pq3ep01xTCM9TAs=
zLk04eL7kTI=	zHqVtnqfNlIc01bv06Y4pq3ep01xTCM9TAs=
zLk04eL7kzA=	zHqVtnqfNlIc01bv06Y4pq3ep01xTCM9TAs=
zLk04eL7kzI=	zHqVtnqfNlIc01bv06Y4pq3ep01xTCM9TAs=
zLk04f5cGgkD	zHqVtnqfNlIc01bv06Y4pq3ep01xTCM9TAs=
zLk04f5cGikD	zHqVtnqfNlIc01bv06Y4pq3ep01xTCM9TAs=
zLk04f5cOgkD	zHqVtnqfNlIc01bv06Y4pq3ep01xTCM9TAs=
zLk04f5cOikD	zHqVtnqfNlIc01bv06Y4pq3ep01xTCM9TAs=
zLk04f5cnDA=	zHqVtnqfNlIc01bv06Y4pq3ep01xTCM9TAs=
zLk04f5cnDI=	zHqVtnqfNlIc01bv06Y4pq3ep01xTCM9TAs=
zLk04f7cj4QB	zHqVtnqfNlIc01bv06Y4pq3ep01xTCM9TAs=
zLk04f7cj5QB	zHqVtnqfNlIc01bv06Y4pq3ep01xTCM9TAs=
zLk04f7cn4QB	zHqVtnqfNlIc01bv06Y4pq3ep01xTCM9TAs=
zLk04f7cn5QB	zHqVtnqfNlIc01bv06Y4pq3ep01xTCM9TAs=
zLk05X5cGgkD	zHqVtnqfNlIc01bv06Y4pq3ep01xTCM9TAs=
zLk05X5cGikD	zHqVtnqfNlIc01bv06Y4pq3ep01xTCM9TAs=
zLk05X5cOgkD	zHqVtnqfNlIc01bv06Y4pq3ep01xTCM9TAs=
zLk05X5cOikD	zHqVtnqfNlIc01bv06Y4pq3ep01xTCM9TAs=
zLk05X5cnDA=	zHqVtnqfNlIc01bv06Y4pq3ep01xTCM9TAs=
zLk05X5cnDI=	zHqVtnqfNlIc01bv06Y4pq3ep01xTCM9TAs=
zLk05X7cj4QB	zHqVtnqfNlIc01bv06Y4pq3ep01xTCM9TAs=
zLk05X7cj5QB	zHqVtnqfNlIc01bv06Y4pq3ep01xTCM9TAs=
zLk05X7cn4QB	zHqVtnqfNlIc01bv06Y4pq3ep01xTCM9TAs=
zLk05X7cn5QB	zHqVtnqfNlIc01bv06Y4pq3ep01xTCM9TAs=
zLk05dK4HwkD	zHqVtnqfNlIc01bv06Y4pq3ep01xTCM9TAs=
zLk05dK4HykD	zHqVtnqfNlIc01bv06Y4pq3ep01xTCM9TAs=
zLk05dK4NBIG	zHqVtnqfNlIc01bv06Y4pq3ep01xTCM9TAs=
zLk05dK4NFIG	zHqVtnqfNlIc01bv06Y4pq3ep01xTCM9TAs=
zLk05dK4OGE=	zHqVtnqfNlIc01bv06Y4pq3ep01xTCM9TAs=
zLk05dK4OGU=	zHqVtnqfNlIc01bv06Y4pq3ep01xTCM9TAs=
zLk05dK4PwkD	zHqVtnqfNlIc01bv06Y4pq3ep01xTCM9TAs=
zLk05dK4PykD	zHqVtnqfNlIc01bv06Y4pq3ep01xTCM9TAs=
zLk05dK4dBIG	zHqVtnqfNlIc01bv06Y4pq3ep01xTCM9TAs=
zLk05dK4dFIG	zHqVtnqfNlIc01bv06Y4pq3ep01xTCM9TAs=
zLk05dK5HwkD	zHqVtnqfNlIc01bv06Y4pq3ep01xTCM9TAs=
zLk05dK5HykD	zHqVtnqfNlIc01bv06Y4pq3ep01xTCM9TAs=
zLk05dK5NBIG	zHqVtnqfNlIc01bv06Y4pq3ep01xTCM9TAs=
zLk05dK5NFIG	zHqVtnqfNlIc01bv06Y4pq3ep01xTCM9TAs=
zLk05dK5OGE=	zHqVtnqfNlIc01bv06Y4pq3ep01xTCM9TAs=
zLk05dK5OGU=	zHqVtnqfNlIc01bv06Y4pq3ep01xTCM9TAs=
zLk05dK5PwkD	zHqVtnqfNlIc01bv06Y4pq3ep01xTCM9TAs=
zLk05dK5PykD	zHqVtnqfNlIc01bv06Y4pq3ep01xTCM9TAs=
zLk05dK5dBIG	zHqVtnqfNlIc01bv06Y4pq3ep01xTCM9TAs=
zLk05eJLI2E=	zHqVtnqfNlIc01bv06Y4pq3ep01xTCM9TAs=
zLk05eJLI2U=	zHqVtnqfNlIc01bv06Y4pq3ep01xTCM9TAs=
zLk05eJLJ2E=	zHqVtnqfNlIc01bv06Y4pq3ep01xTCM9TAs=
zLk05eJLJ2U=	zHqVtnqfNlIc01bv06Y4pq3ep01xTCM9TAs=
zLk05eKLEwY=	zHqVtnqfNlIc01bv06Y4pq3ep01xTCM9TAs=
zLk05eKLUwY=	zHqVtnqfNlIc01bv06Y4pq3ep01xTCM9TAs=
zLk05eL7kTA=	zHqVtnqfNlIc01bv06Y4pq3ep01xTCM9TAs=
zLk05eL7kTI=	zHqVtnqfNlIc01bv06Y4pq3ep01xTCM9TAs=
zLk05eL7kzA=	zHqVtnqfNlIc01bv06Y4pq3ep01xTCM9TAs=
zLk05eL7kzI=	zHqVtnqfNlIc01bv06Y4pq3ep01xTCM9TAs=
zLk05f5cGgkD	zHqVtnqfNlIc01bv06Y4pq3ep01xTCM9TAs=
zLk05f5cGikD	zHqVtnqfNlIc01bv06Y4pq3ep01xTCM9TAs=
zLk05f5cOgkD	zHqVtnqfNlIc01bv06Y4pq3ep01xTCM9TAs=
zLk05f5cOikD	zHqVtnqfNlIc01bv06Y4pq3ep01xTCM9TAs=
zLk05f5cnDA=	zHqVtnqfNlIc01bv06Y4pq3ep01xTCM9TAs=
zLk05f5cnDI=	zHqVtnqfNlIc01bv06Y4pq3ep01xTCM9TAs=
zLk05f7cj4QB	zHqVtnqfNlIc01bv06Y4pq3ep01xTCM9TAs=
zLk05f7cj5QB	zHqVtnqfNlIc01bv06Y4pq3ep01xTCM9TAs=
zLk05f7cn4QB	zHqVtnqfNlIc01bv06Y4pq3ep01xTCM9TAs=
zLk05f7cn5QB	zHqVtnqfNlIc01bv06Y4pq3ep01xTCM9TAs=
zLl7CeEWC7sJAw==	zHqQtnp92+qRNFKDaasHha0eELZ6fRtpjrwF
zLl7CeEWC7uJDw==	zHqQtnp92+qRNFKDaasHha0eELZ6fRtpjrwF
zLl7CeEWC9sJAw==	zHqQtnp92+qRNFKDaasHha0eELZ6fRtpjrwF
zLl7CeEWC9uJDw==	zHqQtnp92+qRNFKDaasHha0eELZ6fRtpjrwF
zLl7CeEWS+wmDA==	zHqQtnp92+qRNFKDaasHha0eELZ6fRtpjrwF
zLl7CeEWS+wmPg==	zHqQtnp92+qRNFKDaasHha0eELZ6fRtpjrwF
zLl7CeEWS2wnDA==	zHqQtnp92+qRNFKDaasHha0eELZ6fRtpjrwF
zLl7CeEWS2wnPg==	zHqQtnp92+qRNFKDaasHha0eELZ6fRtpjrwF
zLl7CeHCErsJAw==	zHqQtnp92+qRNFKDaasHha0eELZ6fRtpjrwF
zLl7CeHCEruJDw==	zHqQtnp92+qRNFKDaasHha0eELZ6fRtpjrwF
zLl7CeHCEtsJAw==	zHqQtnp92+qRNFKDaasHha0eELZ6fRtpjrwF
zLl7CeHCEtuJDw==	zHqQtnp92+qRNFKDaasHha0eELZ6fRtpjrwF
zLl7CeHCwm7C	zHqQtnp92+qRNFKDaasHha0eELZ6fRtpjrwF
zLl7CeHCwm7iAw==	zHqQtnp92+qRNFKDaasHha0eELZ6fRtpjrwF
zLl7CeHCwnbC	zHqQtnp92+qRNFKDaasHha0eELZ6fRtpjrwF
zLl7CeHCwnbiAw==	zHqQtnp92+qRNFKDaasHha0eELZ6fRtpjrwF
zLl7CeUWC7sJAw==	zHqQtnp92+qRNFKDaasHha0eELZ6fRtpjrwF
zLl7CeUWC7uJDw==	zHqQtnp92+qRNFKDaasHha0eELZ6fRtpjrwF
zLl7CeUWC9sJAw==	zHqQtnp92+qRNFKDaasHha0eELZ6fRtpjrwF
zLl7CeUWC9uJDw==	zHqQtnp92+qRNFKDaasHha0eELZ6fRtpjrwF
zLl7CeUWS+wmDA==	zHqQtnp92+qRNFKDaasHha0eELZ6fRtpjrwF
zLl7CeUWS+wmPg==	zHqQtnp92+qRNFKDaasHha0eELZ6fRtpjrwF
zLl7CeUWS2wnDA==	zHqQtnp92+qRNFKDaasHha0eELZ6fRtpjrwF
zLl7CeUWS2wnPg==	zHqQtnp92+qRNFKDaasHha0eELZ6fRtpjrwF
zLl7CeXCErsJAw==	zHqQtnp92+qRNFKDaasHha0eELZ6fRtpjrwF
zLl7CeXCEruJDw==	zHqQtnp92+qRNFKDaasHha0eELZ6fRtpjrwF
zLl7CeXCEtsJAw==	zHqQtnp92+qRNFKDaasHha0eELZ6fRtpjrwF
zLl7CeXCEtuJDw==	zHqQtnp92+qRNFKDaasHha0eELZ6fRtpjrwF
zLl7CeXCwm7C	zHqQtnp92+qRNFKDaasHha0eELZ6fRtpjrwF
zLl7CeXCwm7iAw==	zHqQtnp92+qRNFKDaasHha0eELZ6fRtpjrwF
zLl7CeXCwnbC	zHqQtnp92+qRNFKDaasHha0eELZ6fRtpjrwF
zLl7CeXCwnbiAw==	zHqQtnp92+qRNFKDaasHha0eELZ6fRtpjrwF
zLl7k3BhYTdh	zHqQtnp92+qRNFKDaasHha0eELZ6fRtpjrwF
zLl7k3BhYTfxAQ==	zHqQtnp92+qRNFKDaasHha0eELZ6fRtpjrwF
zLl7k3BhYTth	zHqQtnp92+qRNFKDaasHha0eELZ6fRtpjrwF
zLl7k3BhYTvxAQ==	zHqQtnp92+qRNFKDaasHha0eELZ6fRtpjrwF
zLl7k3Bhid2EAQ==	zHqQtnp92+qRNFKDaasHha0eELZ6fRtpjrwF
zLl7k3Bhid3EBw==	zHqQtnp92+qRNFKDaasHha0eELZ6fRtpjrwF
zLl7k3Bhie2EAQ==	zHqQtnp92+qRNFKDaasHha0eELZ6fRtpjrwF
zLl7k3Bhie3EBw==	zHqQtnp92+qRNFKDaasHha0eELZ6fRtpjrwF
zLl7k3CLJXYTBg==	zHqQtnp92+qRNFKDaasHha0eELZ6fRtpjrwF
zLl7k3CLJXYTHw==	zHqQtnp92+qRNFKDaasHha0eELZ6fRtpjrwF
zLl7k3CLJbYTBg==	zHqQtnp92+qRNFKDaasHha0eELZ6fRtpjrwF
zLl7k3CLJbYTHw==	zHqQtnp92+qRNFKDaasHha0eELZ6fRtpjrwF
zLl7k3CLhd2EAQ==	zHqQtnp92+qRNFKDaasHha0eELZ6fRtpjrwF
zLl7k3CLhd3EBw==	zHqQtnp92+qRNFKDaasHha0eELZ6fRtpjrwF
zLl7k3CLhe2EAQ==	zHqQtnp92+qRNFKDaasHha0eELZ6fRtpjrwF
zLl7k3CLhe3EBw==	zHqQtnp92+qRNFKDaasHha0eELZ6fRtpjrwF
zLl7k3JhYTdh	zHqQtnp92+qRNFKDaasHha0eELZ6fRtpjrwF
zLl7k3JhYTfxAQ==	zHqQtnp92+qRNFKDaasHha0eELZ6fRtpjrwF
zLl7k3JhYTth	zHqQtnp92+qRNFKDaasHha0eELZ6fRtpjrwF
zLl7k3JhYTvxAQ==	zHqQtnp92+qRNFKDaasHha0eELZ6fRtpjrwF
zLl7k3Jhid2EAQ==	zHqQtnp92+qRNFKDaasHha0eELZ6fRtpjrwF
zLl7k3Jhid3EBw==	zHqQtnp92+qRNFKDaasHha0eELZ6fRtpjrwF
zLl7k3Jhie2EAQ==	zHqQtnp92+qRNFKDaasHha0eELZ6fRtpjrwF
zLl7k3Jhie3EBw==	zHqQtnp92+qRNFKDaasHha0eELZ6fRtpjrwF
zLl7k3KLJXYTBg==	zHqQtnp92+qRNFKDaasHha0eELZ6fRtpjrwF
zLl7k3KLJbYTBg==	zHqQtnp92+qRNFKDaasHha0eELZ6fRtpjrwF
zLl7k3KLJbYTHw==	zHqQtnp92+qRNFKDaasHha0eELZ6fRtpjrwF
zLl7k3KLhd2EAQ==	zHqQtnp92+qRNFKDaasHha0eELZ6fRtpjrwF
zLl7k3KLhd3EBw==	zHqQtnp92+qRNFKDaasHha0eELZ6fRtpjrwF
zLl7k3KLhe2EAQ==	zHqQtnp92+qRNFKDaasHha0eELZ6fRtpjrwF
zLl7k3KLhe3EBw==	zHqQtnp92+qRNFKDaasHha0eELZ6fRtpjrwF
zLl9CeEWC7sJAw==	zHqQtnp92+qRNFKDaasHha0eELZ6fRtpjrwF
zLl9CeEWC7uJDw==	zHqQtnp92+qRNFKDaasHha0eELZ6fRtpjrwF
zLl9CeEWC9sJAw==	zHqQtnp92+qRNFKDaasHha0eELZ6fRtpjrwF
zLl9CeEWC9uJDw==	zHqQtnp92+qRNFKDaasHha0eELZ6fRtpjrwF
zLl9CeEWS+wmDA==	zHqQtnp92+qRNFKDaasHha0eELZ6fRtpjrwF
zLl9CeEWS+wmPg==	zHqQtnp92+qRNFKDaasHha0eELZ6fRtpjrwF
zLl9CeEWS2wnDA==	zHqQtnp92+qRNFKDaasHha0eELZ6fRtpjrwF
zLl9CeEWS2wnPg==	zHqQtnp92+qRNFKDaasHha0eELZ6fRtpjrwF
zLl9CeHCErsJAw==	zHqQtnp92+qRNFKDaasHha0eELZ6fRtpjrwF
zLl9CeHCEruJDw==	zHqQtnp92+qRNFKDaasHha0eELZ6fRtpjrwF
zLl9CeHCEtsJAw==	zHqQtnp92+qRNFKDaasHha0eELZ6fRtpjrwF
zLl9CeHCEtuJDw==	zHqQtnp92+qRNFKDaasHha0eELZ6fRtpjrwF
zLl9CeHCwm7C	zHqQtnp92+qRNFKDaasHha0eELZ6fRtpjrwF
zLl9CeHCwm7iAw==	zHqQtnp92+qRNFKDaasHha0eELZ6fRtpjrwF
zLl9CeHCwnbC	zHqQtnp92+qRNFKDaasHha0eELZ6fRtpjrwF
zLl9CeHCwnbiAw==	zHqQtnp92+qRNFKDaasHha0eELZ6fRtpjrwF
zLl9CeUWC7sJAw==	zHqQtnp92+qRNFKDaasHha0eELZ6fRtpjrwF
zLl9CeUWC7uJDw==	zHqQtnp92+qRNFKDaasHha0eELZ6fRtpjrwF
zLl9CeUWC9sJAw==	zHqQtnp92+qRNFKDaasHha0eELZ6fRtpjrwF
zLl9CeUWC9uJDw==	zHqQtnp92+qRNFKDaasHha0eELZ6fRtpjrwF
zLl9CeUWS+wmDA==	zHqQtnp92+qRNFKDaasHha0eELZ6fRtpjrwF
zLl9CeUWS+wmPg==	zHqQtnp92+qRNFKDaasHha0eELZ6fRtpjrwF
zLl9CeUWS2wnDA==	zHqQtnp92+qRNFKDaasHha0eELZ6fRtpjrwF
zLl9CeUWS2wnPg==	zHqQtnp92+qRNFKDaasHha0eELZ6fRtpjrwF
zLl9CeXCErsJAw==	zHqQtnp92+qRNFKDaasHha0eELZ6fRtpjrwF
zLl9CeXCEruJDw==	zHqQtnp92+qRNFKDaasHha0eELZ6fRtpjrwF
zLl9CeXCEtsJAw==	zHqQtnp92+qRNFKDaasHha0eELZ6fRtpjrwF
zLl9CeXCEtuJDw==	zHqQtnp92+qRNFKDaasHha0eELZ6fRtpjrwF
zLl9CeXCwm7C	zHqQtnp92+qRNFKDaasHha0eELZ6fRtpjrwF
zLl9CeXCwm7iAw==	zHqQtnp92+qRNFKDaasHha0eELZ6fRtpjrwF
zLl9CeXCwnbC	zHqQtnp92+qRNFKDaasHha0eELZ6fRtpjrwF
zLl9CeXCwnbiAw==	zHqQtnp92+qRNFKDaasHha0eELZ6fRtpjrwF
zLl9k3BhYTdh	zHqQtnp92+qRNFKDaasHha0eELZ6fRtpjrwF
zLl9k3BhYTfxAQ==	zHqQtnp92+qRNFKDaasHha0eELZ6fRtpjrwF
zLl9k3BhYTth	zHqQtnp92+qRNFKDaasHha0eELZ6fRtpjrwF
zLl9k3BhYTvxAQ==	zHqQtnp92+qRNFKDaasHha0eELZ6fRtpjrwF
zLl9k3Bhid2EAQ==	zHqQtnp92+qRNFKDaasHha0eELZ6fRtpjrwF
zLl9k3Bhid3EBw==	zHqQtnp92+qRNFKDaasHha0eELZ6fRtpjrwF
zLl9k3Bhie2EAQ==	zHqQtnp92+qRNFKDaasHha0eELZ6fRtpjrwF
zLl9k3Bhie3EBw==	zHqQtnp92+qRNFKDaasHha0eELZ6fRtpjrwF
zLl9k3CLJXYTBg==	zHqQtnp92+qRNFKDaasHha0eELZ6fRtpjrwF
zLl9k3CLJXYTHw==	zHqQtnp92+qRNFKDaasHha0eELZ6fRtpjrwF
zLl9k3CLJbYTBg==	zHqQtnp92+qRNFKDaasHha0eELZ6fRtpjrwF
zLl9k3CLJbYTHw==	zHqQtnp92+qRNFKDaasHha0eELZ6fRtpjrwF
zLl9k3CLhd2EAQ==	zHqQtnp92+qRNFKDaasHha0eELZ6fRtpjrwF
zLl9k3CLhd3EBw==	zHqQtnp92+qRNFKDaasHha0eELZ6fRtpjrwF
zLl9k3CLhe2EAQ==	zHqQtnp92+qRNFKDaasHha0eELZ6fRtpjrwF
zLl9k3CLhe3EBw==	zHqQtnp92+qRNFKDaasHha0eELZ6fRtpjrwF
zLl9k3JhYTdh	zHqQtnp92+qRNFKDaasHha0eELZ6fRtpjrwF
zLl9k3JhYTfxAQ==	zHqQtnp92+qRNFKDaasHha0eELZ6fRtpjrwF
zLl9k3JhYTth	zHqQtnp92+qRNFKDaasHha0eELZ6fRtpjrwF
zLl9k3JhYTvxAQ==	zHqQtnp92+qRNFKDaasHha0eELZ6fRtpjrwF
zLl9k3Jhid2EAQ==	zHqQtnp92+qRNFKDaasHha0eELZ6fRtpjrwF
zLl9k3Jhid3EBw==	zHqQtnp92+qRNFKDaasHha0eELZ6fRtpjrwF
zLl9k3Jhie2EAQ==	zHqQtnp92+qRNFKDaasHha0eELZ6fRtpjrwF
zLl9k3Jhie3EBw==	zHqQtnp92+qRNFKDaasHha0eELZ6fRtpjrwF
zLl9k3KLJXYTBg==	zHqQtnp92+qRNFKDaasHha0eELZ6fRtpjrwF
zLl9k3KLJXYTHw==	zHqQtnp92+qRNFKDaasHha0eELZ6fRtpjrwF
zLl9k3KLJbYTBg==	zHqQtnp92+qRNFKDaasHha0eELZ6fRtpjrwF
zLl9k3KLJbYTHw==	zHqQtnp92+qRNFKDaasHha0eELZ6fRtpjrwF
zLl9k3KLhd2EAQ==	zHqQtnp92+qRNFKDaasHha0eELZ6fRtpjrwF
zLl9k3KLhd3EBw==	zHqQtnp92+qRNFKDaasHha0eELZ6fRtpjrwF
zLl9k3KLhe2EAQ==	zHqQtnp92+qRNFKDaasHha0eELZ6fRtpjrwF
zLl9k3KLhe3EBw==	zHqQtnp92+qRNFKDaasHha0eELZ6fRtpjrwF
zLmfcD/uR8I=	zHqVtnqfNlIc01bv06Y4pq3ep01xTCM9TAs=
zLmfcD/uR8o=	zHqVtnqfNlIc01bv06Y4pq3ep01xTCM9TAs=
zLmfcD/uT8I=	zHqVtnqfNlIc01bv06Y4pq3ep01xTCM9TAs=
zLmfcD/uT8o=	zHqVtnqfNlIc01bv06Y4pq3ep01xTCM9TAs=
zLmfcD8uThg=	zHqVtnqfNlIc01bv06Y4pq3ep01xTCM9TAs=
zLmfcD8uThk=	zHqVtnqfNlIc01bv06Y4pq3ep01xTCM9TAs=
zLmfcD8ujYQB	zHqVtnqfNlIc01bv06Y4pq3ep01xTCM9TAs=
zLmfcD8ujZQB	zHqVtnqfNlIc01bv06Y4pq3ep01xTCM9TAs=
zLmfcD8unYQB	zHqVtnqfNlIc01bv06Y4pq3ep01xTCM9TAs=
zLmfcD8unZQB	zHqVtnqfNlIc01bv06Y4pq3ep01xTCM9TAs=
zLmfcGlcGgkD	zHqVtnqfNlIc01bv06Y4pq3ep01xTCM9TAs=
zLmfcGlcGikD	zHqVtnqfNlIc01bv06Y4pq3ep01xTCM9TAs=
zLmfcGlcOgkD	zHqVtnqfNlIc01bv06Y4pq3ep01xTCM9TAs=
zLmfcGlcOikD	zHqVtnqfNlIc01bv06Y4pq3ep01xTCM9TAs=
zLmfcGlcnDA=	zHqVtnqfNlIc01bv06Y4pq3ep01xTCM9TAs=
zLmfcGlcnDI=	zHqVtnqfNlIc01bv06Y4pq3ep01xTCM9TAs=
zLmfcGncj4QB	zHqVtnqfNlIc01bv06Y4pq3ep01xTCM9TAs=
zLmfcGncj5QB	zHqVtnqfNlIc01bv06Y4pq3ep01xTCM9TAs=
zLmfcGncn4QB	zHqVtnqfNlIc01bv06Y4pq3ep01xTCM9TAs=
zLmfcGncn5QB	zHqVtnqfNlIc01bv06Y4pq3ep01xTCM9TAs=
zLmfcH/uR8I=	zHqVtnqfNlIc01bv06Y4pq3ep01xTCM9TAs=
zLmfcH/uR8o=	zHqVtnqfNlIc01bv06Y4pq3ep01xTCM9TAs=
zLmfcH/uT8I=	zHqVtnqfNlIc01bv06Y4pq3ep01xTCM9TAs=
zLmfcH/uT8o=	zHqVtnqfNlIc01bv06Y4pq3ep01xTCM9TAs=
zLmfcH8uThg=	zHqVtnqfNlIc01bv06Y4pq3ep01xTCM9TAs=
zLmfcH8uThk=	zHqVtnqfNlIc01bv06Y4pq3ep01xTCM9TAs=
zLmfcH8ujYQB	zHqVtnqfNlIc01bv06Y4pq3ep01xTCM9TAs=
zLmfcH8ujZQB	zHqVtnqfNlIc01bv06Y4pq3ep01xTCM9TAs=
zLmfcH8unYQB	zHqVtnqfNlIc01bv06Y4pq3ep01xTCM9TAs=
zLmfcH8unZQB	zHqVtnqfNlIc01bv06Y4pq3ep01xTCM9TAs=
zLmfcOlcGgkD	zHqVtnqfNlIc01bv06Y4pq3ep01xTCM9TAs=
zLmfcOlcGikD	zHqVtnqfNlIc01bv06Y4pq3ep01xTCM9TAs=
zLmfcOlcOgkD	zHqVtnqfNlIc01bv06Y4pq3ep01xTCM9TAs=
zLmfcOlcOikD	zHqVtnqfNlIc01bv06Y4pq3ep01xTCM9TAs=
zLmfcOlcnDA=	zHqVtnqfNlIc01bv06Y4pq3ep01xTCM9TAs=
zLmfcOlcnDI=	zHqVtnqfNlIc01bv06Y4pq3ep01xTCM9TAs=
zLmfcOncj4QB	zHqVtnqfNlIc01bv06Y4pq3ep01xTCM9TAs=
zLmfcOncj5QB	zHqVtnqfNlIc01bv06Y4pq3ep01xTCM9TAs=
zLmfcOncn4QB	zHqVtnqfNlIc01bv06Y4pq3ep01xTCM9TAs=
zLmfcOncn5QB	zHqVtnqfNlIc01bv06Y4pq3ep01xTCM9TAs=
zLmfcPGlkTA=	zHqVtnqfNlIc01bv06Y4pq3ep01xTCM9TAs=
zLmfcPGlkTI=	zHqVtnqfNlIc01bv06Y4pq3ep01xTCM9TAs=
zLmfcPGlkzA=	zHqVtnqfNlIc01bv06Y4pq3ep01xTCM9TAs=
zLmfcPGlkzI=	zHqVtnqfNlIc01bv06Y4pq3ep01xTCM9TAs=
zLmfcPH9SBg=	zHqVtnqfNlIc01bv06Y4pq3ep01xTCM9TAs=
zLmfcPH9SBk=	zHqVtnqfNlIc01bv06Y4pq3ep01xTCM9TAs=
zLmfcPH9SRg=	zHqVtnqfNlIc01bv06Y4pq3ep01xTCM9TAs=
zLmfcPH9SRk=	zHqVtnqfNlIc01bv06Y4pq3ep01xTCM9TAs=
zLmfcPHFCQM=	zHqVtnqfNlIc01bv06Y4pq3ep01xTCM9TAs=
zLmfcPHFKQM=	zHqVtnqfNlIc01bv06Y4pq3ep01xTCM9TAs=
zLmfcj/uR8I=	zHqVtnqfNlIc01bv06Y4pq3ep01xTCM9TAs=
zLmfcj/uR8o=	zHqVtnqfNlIc01bv06Y4pq3ep01xTCM9TAs=
zLmfcj/uT8I=	zHqVtnqfNlIc01bv06Y4pq3ep01xTCM9TAs=
zLmfcj/uT8o=	zHqVtnqfNlIc01bv06Y4pq3ep01xTCM9TAs=
zLmfcj8uThg=	zHqVtnqfNlIc01bv06Y4pq3ep01xTCM9TAs=
zLmfcj8uThk=	zHqVtnqfNlIc01bv06Y4pq3ep01xTCM9TAs=
zLmfcj8ujYQB	zHqVtnqfNlIc01bv06Y4pq3ep01xTCM9TAs=
zLmfcj8ujZQB	zHqVtnqfNlIc01bv06Y4pq3ep01xTCM9TAs=
zLmfcj8unYQB	zHqVtnqfNlIc01bv06Y4pq3ep01xTCM9TAs=
zLmfcj8unZQB	zHqVtnqfNlIc01bv06Y4pq3ep01xTCM9TAs=
zLmfcmlcGgkD	zHqVtnqfNlIc01bv06Y4pq3ep01xTCM9TAs=
zLmfcmlcGikD	zHqVtnqfNlIc01bv06Y4pq3ep01xTCM9TAs=
zLmfcmlcOgkD	zHqVtnqfNlIc01bv06Y4pq3ep01xTCM9TAs=
zLmfcmlcOikD	zHqVtnqfNlIc01bv06Y4pq3ep01xTCM9TAs=
zLmfcmlcnDA=	zHqVtnqfNlIc01bv06Y4pq3ep01xTCM9TAs=
zLmfcmlcnDI=	zHqVtnqfNlIc01bv06Y4pq3ep01xTCM9TAs=
zLmfcmncj4QB	zHqVtnqfNlIc01bv06Y4pq3ep01xTCM9TAs=
zLmfcmncj5QB	zHqVtnqfNlIc01bv06Y4pq3ep01xTCM9TAs=
zLmfcmncn4QB	zHqVtnqfNlIc01bv06Y4pq3ep01xTCM9TAs=
zLmfcmncn5QB	zHqVtnqfNlIc01bv06Y4pq3ep01xTCM9TAs=
zLmfcn/uR8I=	zHqVtnqfNlIc01bv06Y4pq3ep01xTCM9TAs=
zLmfcn/uR8o=	zHqVtnqfNlIc01bv06Y4pq3ep01xTCM9TAs=
zLmfcn/uT8I=	zHqVtnqfNlIc01bv06Y4pq3ep01xTCM9TAs=
zLmfcn/uT8o=	zHqVtnqfNlIc01bv06Y4pq3ep01xTCM9TAs=
zLmfcn8uThg=	zHqVtnqfNlIc01bv06Y4pq3ep01xTCM9TAs=
zLmfcn8uThk=	zHqVtnqfNlIc01bv06Y4pq3ep01xTCM9TAs=
zLmfcn8ujYQB	zHqVtnqfNlIc01bv06Y4pq3ep01xTCM9TAs=
zLmfcn8ujZQB	zHqVtnqfNlIc01bv06Y4pq3ep01xTCM9TAs=
zLmfcn8unYQB	zHqVtnqfNlIc01bv06Y4pq3ep01xTCM9TAs=
zLmfcn8unZQB	zHqVtnqfNlIc01bv06Y4pq3ep01xTCM9TAs=
zLmfculcGgkD	zHqVtnqfNlIc01bv06Y4pq3ep01xTCM9TAs=
zLmfculcGikD	zHqVtnqfNlIc01bv06Y4pq3ep01xTCM9TAs=
zLmfculcOgkD	zHqVtnqfNlIc01bv06Y4pq3ep01xTCM9TAs=
zLmfculcOikD	zHqVtnqfNlIc01bv06Y4pq3ep01xTCM9TAs=
zLmfculcnDA=	zHqVtnqfNlIc01bv06Y4pq3ep01xTCM9TAs=
zLmfculcnDI=	zHqVtnqfNlIc01bv06Y4pq3ep01xTCM9TAs=
zLmfcuncj4QB	zHqVtnqfNlIc01bv06Y4pq3ep01xTCM9TAs=
zLmfcuncj5QB	zHqVtnqfNlIc01bv06Y4pq3ep01xTCM9TAs=
zLmfcuncn4QB	zHqVtnqfNlIc01bv06Y4pq3ep01xTCM9TAs=
zLmfcuncn5QB	zHqVtnqfNlIc01bv06Y4pq3ep01xTCM9TAs=
zLmfcvGlkTA=	zHqVtnqfNlIc01bv06Y4pq3ep01xTCM9TAs=
zLmfcvGlkTI=	zHqVtnqfNlIc01bv06Y4pq3ep01xTCM9TAs=
zLmfcvGlkzA=	zHqVtnqfNlIc01bv06Y4pq3ep01xTCM9TAs=
zLmfcvGlkzI=	zHqVtnqfNlIc01bv06Y4pq3ep01xTCM9TAs=
zLmfcvH9SBg=	zHqVtnqfNlIc01bv06Y4pq3ep01xTCM9TAs=
zLmfcvH9SBk=	zHqVtnqfNlIc01bv06Y4pq3ep01xTCM9TAs=
zLmfcvH9SRg=	zHqVtnqfNlIc01bv06Y4pq3ep01xTCM9TAs=
zLmfcvH9SRk=	zHqVtnqfNlIc01bv06Y4pq3ep01xTCM9TAs=
zLmfcvHFCQM=	zHqVtnqfNlIc01bv06Y4pq3ep01xTCM9TAs=
zLmfcvHFKQM=	zHqVtnqfNlIc01bv06Y4pq3ep01xTCM9TAs=
